TradeDate,IV,Open Interest,Delta,Gamma,Vega,Volume,P,Bid,Ask,IV,Open Interest,Delta,Gamma,Vega,Volume,P,Bid,Ask,IV,Open Interest,Delta,Gamma,Vega,Volume,P,Bid,Ask
01/02/2009,0.328586,2616,0.538643,0.013426,35.22894,1,11.025,10.9,11.15,0.315828,507,0.467569,0.013905,35.52699,2,8.65,8.5,8.8,0.303212,4168,0.395805,0.013971,34.57729,30,6.6,6.45,6.75
01/05/2009,0.324395,2617,0.529603,0.013788,34.98693,35,10.525,10.3,10.75,0.311304,508,0.456467,0.01422,35.10902,4,8.175,7.95,8.4,0.298715,4170,0.383371,0.014203,33.97974,64,6.175,5.95,6.4
01/06/2009,0.326646,2637,0.53612,0.013638,35.05752,28,10.825,10.55,11.1,0.312952,512,0.463416,0.014126,35.2839,51,8.425,8.2,8.65,0.300663,4200,0.390742,0.014143,34.24081,131,6.4,6.25,6.55
01/07/2009,0.332751,2618,0.504829,0.013773,34.28823,11,9.775,9.6,9.95,0.319977,562,0.432837,0.014031,33.98075,0,7.575,7.4,7.75,0.307284,4292,0.361429,0.013869,32.44513,48,5.7,5.55,5.85
01/08/2009,0.332815,2609,0.498126,0.013856,34.09599,8,9.525,9.35,9.7,0.318311,562,0.42489,0.014147,33.66903,30,7.3,7.1,7.5,0.305997,4271,0.353438,0.013908,32.00275,135,5.475,5.3,5.65
01/09/2009,0.331126,2613,0.47774,0.014126,33.54088,0,8.775,8.65,8.9,0.31804,592,0.404605,0.014227,32.78923,0,6.7,6.55,6.85,0.305705,4186,0.333393,0.013839,30.96306,3,4.975,4.8,5.15
01/12/2009,0.341527,2613,0.461463,0.013894,32.84059,22,8.4,8.2,8.6,0.327023,592,0.389075,0.01394,31.87442,0,6.375,6.2,6.55,0.31426,4186,0.31966,0.01348,29.766,1,4.725,4.55,4.9
01/13/2009,0.33813,2608,0.454298,0.014085,32.60913,9,8.1,7.95,8.25,0.324187,592,0.381527,0.014063,31.54784,1,6.125,5.95,6.3,0.310242,4185,0.310725,0.013569,29.30321,3,4.475,4.3,4.65
01/14/2009,0.342394,2617,0.42236,0.014088,31.28455,369,7.175,7,7.35,0.328641,592,0.351083,0.013863,29.7082,269,5.375,5.2,5.55,0.315401,4184,0.282957,0.013141,27.20075,132,3.9,3.7,4.1
01/15/2009,0.328912,2698,0.438131,0.014564,31.89562,16,7.35,7.15,7.55,0.314929,715,0.364157,0.014487,30.46642,101,5.475,5.25,5.7,0.301967,4181,0.293135,0.013837,27.94377,124,3.95,3.75,4.15
01/16/2009,0.323932,2694,0.444959,0.014785,32.16513,43,7.45,7.25,7.65,0.31041,815,0.369966,0.014729,30.75698,89,5.55,5.35,5.75,0.297678,4162,0.297761,0.014089,28.26074,36,4,3.8,4.2
01/20/2009,0.338445,2692,0.403098,0.014499,30.12902,357,6.425,6.2,6.65,0.324851,891,0.331369,0.014145,28.30441,291,4.75,4.55,4.95,0.312978,4198,0.264745,0.013247,25.56844,33,3.425,3.25,3.6
01/21/2009,0.319858,2652,0.435579,0.015086,31.68197,448,7.075,6.9,7.25,0.306528,1082,0.359604,0.014941,30.20608,0,5.225,5.05,5.4,0.293898,4231,0.286816,0.014185,27.56325,238,3.725,3.55,3.9
01/22/2009,0.317043,2775,0.4167,0.015306,30.95145,286,6.5,6.35,6.65,0.304084,1082,0.340522,0.014984,29.13681,1,4.75,4.6,4.9,0.289951,4147,0.266674,0.014081,26.12891,91,3.3,3.1,3.5
01/23/2009,0.316018,2868,0.406265,0.015397,30.48382,36,6.2,6,6.4,0.301275,1083,0.328507,0.015045,28.46198,0,4.45,4.3,4.6,0.28886,4154,0.25651,0.01398,25.4044,106,3.1,2.95,3.25
01/26/2009,0.309045,2893,0.409588,0.015734,30.60913,40,6.175,6,6.35,0.296058,1083,0.331381,0.015321,28.62305,45,4.45,4.3,4.6,0.283811,4185,0.257968,0.014232,25.53552,116,3.085,2.97,3.2
01/27/2009,0.303969,2878,0.412529,0.015971,30.79607,66,6.175,6.05,6.3,0.291725,1118,0.333534,0.015534,28.83226,0,4.45,4.3,4.6,0.280665,4236,0.260091,0.0144,25.76551,160,3.1,3,3.2
01/28/2009,0.293053,2930,0.441031,0.01639,31.99914,41,6.75,6.6,6.9,0.27932,1118,0.357334,0.016246,30.35311,76,4.825,4.6,5.05,0.268336,4339,0.279146,0.015226,27.41492,5,3.35,3.2,3.5
01/29/2009,0.297768,2494,0.408606,0.016304,30.6494,2,5.975,5.75,6.2,0.285086,1118,0.327618,0.015819,28.55892,0,4.25,4.05,4.45,0.272981,4343,0.251767,0.01459,25.28577,2,2.895,2.74,3.05
01/30/2009,0.300803,2492,0.387869,0.016208,29.67794,81,5.5,5.3,5.7,0.28877,1118,0.308967,0.01552,27.35729,0,3.9,3.7,4.1,0.27735,4345,0.236247,0.014137,23.98523,0,2.655,2.51,2.8
02/02/2009,0.294821,2501,0.37008,0.016527,28.8794,3,5,4.85,5.15,0.282617,1118,0.290084,0.015625,26.25425,50,3.475,3.3,3.65,0.271328,4345,0.21764,0.013991,22.64918,89,2.315,2.2,2.43
02/03/2009,0.290263,2498,0.388121,0.016783,29.73085,32,5.35,5.2,5.5,0.275038,1163,0.303057,0.016141,27.15798,162,3.65,3.55,3.75,0.264268,4431,0.227962,0.014532,23.54718,45,2.435,2.32,2.55
02/04/2009,0.287704,2488,0.369728,0.016904,28.91377,0,4.9,4.8,5,0.273827,1199,0.286012,0.015996,26.12578,25,3.325,3.2,3.45,0.261151,4411,0.210137,0.014221,22.1244,41,2.145,2,2.29
02/05/2009,0.285715,2488,0.382323,0.017045,29.49198,30,5.15,4.95,5.35,0.272385,981,0.297895,0.016239,26.84677,18,3.525,3.45,3.6,0.262645,4441,0.223655,0.014525,23.2072,79,2.355,2.22,2.49
02/06/2009,0.286263,2518,0.42146,0.017,30.97321,2,6.075,5.95,6.2,0.277062,999,0.339389,0.016431,29.0714,380,4.375,4.25,4.5,0.261413,4401,0.256047,0.0153,25.61434,1304,2.865,2.83,2.9
02/09/2009,0.287178,2516,0.419616,0.017016,30.78344,2,6.025,5.85,6.2,0.27417,844,0.334192,0.016592,28.76626,2,4.225,4.05,4.4,0.261924,3984,0.25391,0.015285,25.35622,110,2.825,2.75,2.9
02/10/2009,0.291825,2515,0.361831,0.01679,28.26797,16,4.75,4.55,4.95,0.280181,844,0.28138,0.015742,25.52259,0,3.275,3.1,3.45,0.268777,3984,0.208598,0.013964,21.71904,0,2.15,2.01,2.29
02/11/2009,0.284272,2518,0.361343,0.017181,28.36959,7,4.65,4.45,4.85,0.274808,844,0.281017,0.015991,25.60124,0,3.225,3.1,3.35,0.261702,3984,0.204937,0.014149,21.55961,16,2.06,1.93,2.19
02/12/2009,0.281498,2525,0.357,0.017325,28.19022,12,4.525,4.3,4.75,0.269198,844,0.273151,0.016141,25.21088,64,3.045,2.94,3.15,0.258591,3981,0.199404,0.014121,21.17325,16,1.965,1.83,2.1
02/13/2009,0.282646,2535,0.341827,0.017201,27.34131,5,4.225,4,4.45,0.271347,864,0.260457,0.015837,24.24174,0,2.845,2.71,2.98,0.25778,3997,0.18536,0.013728,19.98112,0,1.765,1.68,1.85
02/17/2009,0.286649,2535,0.295398,0.016638,24.6915,103,3.375,3.2,3.55,0.277769,864,0.221625,0.014784,21.31808,11,2.265,2.2,2.33,0.269393,3997,0.15928,0.01244,17.43287,5,1.46,1.35,1.57
02/18/2009,0.282047,2578,0.293908,0.016906,24.62637,112,3.3,3.15,3.45,0.269591,864,0.215069,0.015003,20.95447,248,2.12,2,2.24,0.261856,3997,0.152742,0.012473,16.89391,11,1.35,1.3,1.4
02/19/2009,0.308769,2598,0.264372,0.015113,22.78992,22,3.05,2.9,3.2,0.292036,915,0.190216,0.013207,18.96607,46,1.915,1.79,2.04,0.277897,3452,0.128879,0.0107,14.66368,174,1.14,1.03,1.25
02/20/2009,0.309961,2578,0.250969,0.014958,22.03161,354,2.805,2.66,2.95,0.293372,915,0.178711,0.012903,18.02974,0,1.745,1.61,1.88,0.283366,3454,0.123905,0.010416,14.02047,21,1.085,1,1.17
02/23/2009,0.319754,2354,0.219538,0.013959,19.26648,51,2.34,2.2,2.48,0.305013,915,0.155412,0.011758,15.74033,10,1.465,1.33,1.6,0.299165,3461,0.110957,0.009477,12.42336,138,0.96,0.9,1.02
02/24/2009,0.301214,2474,0.234918,0.014997,20.72668,397,2.49,2.35,2.63,0.286299,925,0.164696,0.012661,16.81625,2,1.53,1.39,1.67,0.27816,3530,0.113375,0.010063,12.94874,13,0.95,0.9,1
02/25/2009,0,2262,0,0,0,32,2.375,2.31,2.44,0,925,0,0,0,10,1.45,1.4,1.5,0,3522,0,0,0,42,0.86,0.81,0.91
02/26/2009,0.302513,2327,0.212099,0.014405,18.99859,0,2.145,2.07,2.22,0.288301,925,0.146193,0.011892,15.29285,12,1.3,1.24,1.36,0.278822,3532,0.097858,0.009245,11.53528,14,0.78,0.75,0.81
02/27/2009,0.300372,1962,0.193602,0.013961,17.86642,32,1.87,1.78,1.96,0.286966,936,0.130987,0.011267,13.92597,20,1.115,1.03,1.2,0.277343,3534,0.085887,0.008571,10.26154,62,0.655,0.58,0.73
03/02/2009,0.310481,1978,0.160903,0.012547,15.14409,191,1.465,1.39,1.54,0.299262,946,0.10874,0.009905,11.55022,40,0.885,0.85,0.92,0.284172,3536,0.065942,0.007155,8.175107,29,0.47,0.44,0.5
03/03/2009,0.302369,2142,0.144225,0.012096,14.08735,10,1.24,1.15,1.33,0.29021,957,0.093803,0.009266,10.37004,16,0.715,0.63,0.8,0.277954,3508,0.056321,0.006534,6.950275,2,0.38,0.33,0.43
03/04/2009,0.288235,2139,0.150258,0.012789,14.78224,25,1.275,1.14,1.41,0.274809,963,0.094929,0.009672,10.69885,4,0.705,0.57,0.84,0.272475,3506,0.063138,0.007138,8.030874,422,0.435,0.37,0.5
03/05/2009,0.293983,2136,0.121105,0.011254,12.03878,187,0.96,0.82,1.1,0.284897,959,0.077999,0.008386,8.825124,13,0.555,0.45,0.66,0.284607,3103,0.053009,0.006204,6.510416,105,0.355,0.3,0.41
03/06/2009,0.284614,2220,0.117091,0.011297,11.82846,107,0.9,0.78,1.02,0.276484,946,0.074554,0.008307,8.612775,30,0.515,0.45,0.58,0.268969,3177,0.044892,0.005721,5.766684,53,0.28,0.2,0.36
03/09/2009,0.293095,2164,0.112068,0.010836,11.25912,5,0.86,0.7,1.02,0.286071,976,0.072598,0.008023,8.308681,0,0.505,0.4,0.61,0.278708,3217,0.044407,0.005585,5.622575,4,0.28,0.2,0.36
03/10/2009,0.275002,2169,0.139134,0.012778,14.00966,7,1.11,0.98,1.24,0.268661,976,0.090988,0.009624,10.21914,0,0.655,0.6,0.71,0.260626,3217,0.055,0.006724,6.978053,1,0.355,0.33,0.38
03/11/2009,0.285514,2172,0.153635,0.013108,14.99274,10,1.3,1.17,1.43,0.272127,976,0.096741,0.009909,10.77021,15,0.715,0.61,0.82,0.259406,3218,0.055712,0.006802,7.073411,2,0.36,0.3,0.42
03/12/2009,0.286011,2182,0.186594,0.014404,17.32108,164,1.705,1.61,1.8,0.270727,991,0.120145,0.011304,12.96141,0,0.95,0.83,1.07,0.263083,3217,0.076739,0.008345,9.431564,33,0.545,0.5,0.59
03/13/2009,0.293524,2188,0.202085,0.014643,18.25497,137,1.94,1.83,2.05,0.281819,991,0.137876,0.011879,14.49769,35,1.17,1.04,1.3,0.270836,3213,0.088465,0.008972,10.45799,22,0.665,0.54,0.79
03/16/2009,0.304148,2154,0.210982,0.014559,18.54618,15,2.105,2.05,2.16,0.286075,996,0.14073,0.011926,14.62974,88,1.21,1.08,1.34,0.276135,3212,0.091911,0.009096,10.56739,25,0.705,0.58,0.83
03/17/2009,0.294112,2167,0.22811,0.015434,19.95933,300,2.305,2.17,2.44,0.280931,1006,0.157805,0.012825,16.03744,0,1.4,1.27,1.53,0.267888,3203,0.101085,0.009839,11.73746,2,0.785,0.68,0.89
03/18/2009,0.295701,2377,0.242364,0.015755,21.11437,29,2.525,2.38,2.67,0.283725,1006,0.171083,0.013268,16.96016,15,1.575,1.44,1.71,0.272548,3203,0.113526,0.010416,12.89973,65,0.925,0.8,1.05
03/19/2009,0.288746,2013,0.250632,0.016358,21.178,526,2.57,2.44,2.7,0.277838,952,0.178197,0.013918,17.43538,0,1.615,1.48,1.75,0.270568,3093,0.12269,0.011136,13.61227,7,1,0.9,1.1
03/20/2009,0.298457,2351,0.24104,0.015828,20.37059,501,2.465,2.35,2.58,0.288113,952,0.172515,0.013426,16.77455,0,1.57,1.47,1.67,0.280904,3086,0.119819,0.01077,13.13116,0,0.985,0.87,1.1
03/23/2009,0.287584,2850,0.31487,0.017617,24.65556,1350,3.6,3.4,3.8,0.27701,952,0.234024,0.015774,21.30382,179,2.365,2.24,2.49,0.266942,3086,0.164827,0.013231,17.28915,12,1.475,1.35,1.6
03/24/2009,0.290269,4014,0.298139,0.017294,23.72476,52,3.325,3.2,3.45,0.280285,1055,0.220319,0.015297,20.32575,9,2.18,2.07,2.29,0.27074,3085,0.154593,0.012702,16.36297,149,1.36,1.26,1.46
03/25/2009,0.291878,4031,0.311862,0.017412,24.38343,2,3.575,3.45,3.7,0.280497,1046,0.231374,0.015594,21.07178,0,2.34,2.24,2.44,0.268739,3141,0.161349,0.013059,16.92586,0,1.435,1.25,1.62
03/26/2009,0.288334,4030,0.33834,0.017882,25.74946,3,4.025,3.85,4.2,0.279035,1046,0.256297,0.016246,22.71954,4,2.71,2.6,2.82,0.268784,3141,0.1838,0.013915,18.74835,0,1.72,1.63,1.81
03/27/2009,0.294416,4033,0.319288,0.017412,24.63339,14,3.725,3.6,3.85,0.283664,1047,0.239086,0.015676,21.41292,0,2.47,2.37,2.57,0.273502,3141,0.170173,0.013259,17.54181,17,1.56,1.48,1.64
03/30/2009,0.302982,4020,0.280928,0.016582,22.39742,264,3.105,2.96,3.25,0.294585,1047,0.209159,0.014533,19.15946,11,2.075,2,2.15,0.283747,3141,0.146337,0.012027,15.34554,60,1.29,1.21,1.37
03/31/2009,0.304709,3440,0.291746,0.016685,22.95275,0,3.3,3.15,3.45,0.294829,869,0.217479,0.014766,19.69474,15,2.195,2.1,2.29,0.283723,3065,0.152963,0.012314,15.85708,123,1.37,1.27,1.47
04/01/2009,0.300005,3440,0.316406,0.017226,24.24756,90,3.7,3.6,3.8,0.290109,884,0.238213,0.015482,21.10913,5,2.48,2.38,2.58,0.279805,2946,0.170236,0.013122,17.33032,0,1.575,1.49,1.66
04/02/2009,0.304367,3480,0.358335,0.017372,26.1248,54,4.55,4.4,4.7,0.293774,889,0.276731,0.016103,23.45878,21,3.125,3,3.25,0.285374,2946,0.20624,0.014114,20.04731,72,2.09,2,2.18
04/03/2009,0.3013,3514,0.363876,0.017575,26.3447,35,4.625,4.45,4.8,0.292957,910,0.283099,0.016262,23.79431,30,3.225,3.15,3.3,0.283975,2925,0.210985,0.014321,20.37452,36,2.15,2.09,2.21
04/06/2009,0.306664,3490,0.35942,0.01736,25.9905,0,4.575,4.45,4.7,0.29514,910,0.277,0.016133,23.33351,0,3.125,3,3.25,0.285507,2918,0.205103,0.014148,19.86897,22,2.065,1.98,2.15
04/07/2009,0.305469,3490,0.324776,0.017204,24.45605,30,3.875,3.75,4,0.294831,910,0.245622,0.015574,21.37683,0,2.605,2.5,2.71,0.285904,2918,0.178513,0.01331,17.7478,0,1.695,1.61,1.78
04/08/2009,0.30101,3490,0.328418,0.017474,24.64614,2,3.9,3.75,4.05,0.289976,910,0.247241,0.01583,21.53297,15,2.6,2.5,2.7,0.27883,2918,0.176387,0.013492,17.68757,21,1.64,1.58,1.7
04/09/2009,0.296625,3490,0.370428,0.01799,26.46227,85,4.675,4.5,4.85,0.283475,904,0.28268,0.016829,23.7507,2,3.125,3.05,3.2,0.275762,2863,0.209119,0.014697,20.24687,13,2.07,1.99,2.15
04/13/2009,0.29724,3486,0.362518,0.018022,25.98496,12,4.5,4.35,4.65,0.288423,905,0.279192,0.016622,23.34125,0,3.09,2.93,3.25,0.276269,2863,0.202065,0.014534,19.60545,25,1.965,1.87,2.06
04/14/2009,0.295212,3497,0.336782,0.017981,24.8673,40,3.975,3.85,4.1,0.283885,905,0.252353,0.016333,21.87842,2,2.625,2.52,2.73,0.274227,2872,0.18047,0.013909,17.97425,2,1.665,1.58,1.75
04/15/2009,0.296405,3497,0.355978,0.018087,25.66442,3,4.35,4.2,4.5,0.285886,906,0.271002,0.016642,22.8629,3,2.93,2.81,3.05,0.278645,2872,0.199415,0.014396,19.31534,9,1.935,1.9,1.97
04/16/2009,0.284283,3500,0.371452,0.018875,26.38864,21,4.5,4.35,4.65,0.27491,909,0.283034,0.017461,23.63508,16,3.03,2.91,3.15,0.264604,2872,0.203821,0.015181,19.77014,5,1.92,1.84,2
04/17/2009,0.276165,3513,0.369601,0.019443,26.34801,6,4.35,4.2,4.5,0.265248,910,0.277077,0.017947,23.38988,0,2.85,2.76,2.94,0.256544,2874,0.197752,0.015404,19.41045,56,1.795,1.72,1.87
04/20/2009,0.282531,3519,0.319624,0.01873,23.97601,82,3.5,3.4,3.6,0.274139,910,0.235897,0.016621,20.70934,1,2.29,2.17,2.41,0.266181,2878,0.165595,0.01383,16.70654,1,1.43,1.32,1.54
04/21/2009,0.276495,3480,0.334848,0.019279,24.65979,55,3.7,3.55,3.85,0.267705,909,0.24725,0.017257,21.46437,0,2.41,2.31,2.51,0.258673,2878,0.172207,0.014424,17.39332,4,1.48,1.4,1.56
04/22/2009,0.282709,3460,0.324475,0.018836,24.11496,55,3.575,3.5,3.65,0.270297,909,0.235729,0.016852,20.7005,1,2.26,2.14,2.38,0.261811,2879,0.163766,0.01396,16.58578,20,1.39,1.28,1.5
04/23/2009,0.278234,3462,0.335831,0.019246,24.60709,0,3.725,3.55,3.9,0.266812,909,0.245557,0.017309,21.3201,90,2.375,2.28,2.47,0.258559,2879,0.171236,0.014425,17.27552,3,1.465,1.37,1.56
04/24/2009,0.276808,3462,0.355145,0.019522,25.44877,1,4.05,3.9,4.2,0.266364,909,0.263549,0.017781,22.33553,423,2.63,2.56,2.7,0.257684,2879,0.185741,0.015058,18.36398,66,1.635,1.55,1.72
04/27/2009,0.280504,3462,0.346899,0.019327,24.9684,11,3.925,3.8,4.05,0.270058,1094,0.256683,0.017503,21.79996,4,2.545,2.47,2.62,0.260746,2945,0.179816,0.014752,17.77687,3,1.57,1.51,1.63
04/28/2009,0.279886,3473,0.343358,0.019364,24.7874,31,3.85,3.75,3.95,0.267284,1098,0.250903,0.017537,21.47143,0,2.44,2.39,2.49,0.257745,2945,0.173883,0.014664,17.34558,0,1.485,1.44,1.53
04/29/2009,0.269124,3474,0.366947,0.020251,25.81472,21,4.15,4,4.3,0.259377,1098,0.271848,0.018498,22.81257,278,2.685,2.6,2.77,0.248841,2945,0.188016,0.015663,18.5586,714,1.615,1.54,1.69
04/30/2009,0.272195,3468,0.366629,0.020075,25.72696,14,4.175,4,4.35,0.260762,714,0.270687,0.018416,22.69245,242,2.675,2.58,2.77,0.251798,2679,0.189164,0.015586,18.56412,160,1.64,1.56,1.72
05/01/2009,0.268398,3468,0.373556,0.020401,25.98941,5,4.25,4.15,4.35,0.256962,869,0.275647,0.018782,22.98248,0,2.715,2.65,2.78,0.246592,2674,0.190474,0.015918,18.6735,0,1.63,1.59,1.67
05/04/2009,0.263435,3468,0.412406,0.020967,27.23454,29,4.9,4.75,5.05,0.253023,869,0.31067,0.019782,24.77088,20,3.2,3.1,3.3,0.242037,2674,0.218164,0.017249,20.66379,5,1.94,1.88,2
05/05/2009,0.261772,3473,0.408854,0.02112,27.10387,8,4.8,4.65,4.95,0.251727,889,0.306886,0.019837,24.57032,36,3.125,3.05,3.2,0.242111,2674,0.215936,0.017194,20.48113,5,1.91,1.85,1.97
05/06/2009,0.256452,3471,0.427481,0.021568,27.62979,22,5.075,4.95,5.2,0.247149,924,0.322883,0.020446,25.29442,10003,3.325,3.25,3.4,0.233569,2673,0.223348,0.017988,21.09782,10,1.95,1.9,2
05/07/2009,0.258436,3489,0.405597,0.021446,26.95199,0,4.675,4.55,4.8,0.247005,10546,0.300777,0.020122,24.26395,0,2.98,2.86,3.1,0.23634,2673,0.207512,0.01728,19.93028,25,1.77,1.67,1.87
05/08/2009,0.251518,3489,0.434838,0.022028,27.77849,6,5.125,5,5.25,0.239807,10546,0.325203,0.021098,25.46841,0,3.275,3.15,3.4,0.229688,2683,0.226516,0.018402,21.33751,100,1.96,1.89,2.03
05/11/2009,0.248548,3483,0.402616,0.02238,26.75848,67,4.45,4.4,4.5,0.23917,10546,0.295476,0.020718,23.92792,5,2.815,2.74,2.89,0.230463,2769,0.202,0.017523,19.5226,50,1.665,1.63,1.7
05/12/2009,0.250263,3478,0.409872,0.022293,26.90309,4,4.6,4.5,4.7,0.23877,10546,0.300583,0.02089,24.14099,37,2.88,2.81,2.95,0.227426,2813,0.202737,0.017773,19.59129,1,1.655,1.61,1.7
05/13/2009,0.249569,3478,0.372324,0.022227,25.64933,0,3.925,3.85,4,0.238703,10547,0.266014,0.020124,22.32907,589,2.4,2.35,2.45,0.229334,2813,0.176229,0.016516,17.61604,779,1.37,1.35,1.39
05/14/2009,0.252876,3462,0.361692,0.021966,25.26863,3,3.8,3.7,3.9,0.240446,11091,0.254949,0.019682,21.72368,159,2.28,2.23,2.33,0.229562,3559,0.165307,0.015899,16.8527,3,1.265,1.21,1.32
05/15/2009,0.25587,3462,0.356414,0.021836,24.94463,10,3.725,3.65,3.8,0.242708,11250,0.250024,0.019502,21.25717,0,2.22,2.17,2.27,0.230799,3562,0.160642,0.015684,16.38877,0,1.215,1.17,1.26
05/18/2009,0.246093,3462,0.400634,0.023127,26.40237,28,4.325,4.25,4.4,0.233457,11250,0.286405,0.021291,23.2813,0,2.615,2.57,2.66,0.221315,3562,0.18618,0.017601,18.56683,0,1.435,1.39,1.48
05/19/2009,0.243152,3447,0.388806,0.023371,25.96809,80,4.075,4,4.15,0.229498,11250,0.272884,0.021293,22.60715,32,2.4,2.35,2.45,0.217494,3562,0.173515,0.017248,17.46788,7,1.285,1.25,1.32
05/20/2009,0.24161,3445,0.373626,0.023431,25.44613,342,3.8,3.7,3.9,0.226389,11248,0.256271,0.021086,21.75883,3,2.165,2.09,2.24,0.214256,3556,0.158713,0.016673,16.33857,306,1.125,1.08,1.17
05/21/2009,0.244794,3445,0.350723,0.0229,24.58114,1,3.475,3.4,3.55,0.230847,11247,0.238456,0.020158,20.57388,0,1.98,1.92,2.04,0.21883,3856,0.146519,0.015699,15.30976,5,1.025,1,1.05
05/22/2009,0.247361,3445,0.347568,0.022675,24.39535,3,3.45,3.35,3.55,0.232581,11247,0.235663,0.019964,20.3253,2,1.955,1.9,2.01,0.219688,3861,0.143692,0.015503,15.0585,1,1,0.96,1.04
05/26/2009,0.241852,3442,0.388064,0.023757,25.5798,3,4,3.9,4.1,0.22592,11247,0.267614,0.021683,22.10337,0,2.28,2.2,2.36,0.211379,3860,0.163647,0.017308,16.65242,76,1.15,1.1,1.2
05/27/2009,0.242701,3439,0.347787,0.023277,24.21868,0,3.375,3.3,3.45,0.228328,11247,0.233678,0.020379,20.11911,25,1.89,1.85,1.93,0.215781,3924,0.140345,0.015634,14.70432,585,0.95,0.92,0.98
05/28/2009,0.242747,3113,0.367822,0.023572,24.87809,21,3.675,3.6,3.75,0.227175,11247,0.24961,0.021071,21.04981,2,2.065,2.01,2.12,0.214148,4509,0.151587,0.016465,15.5807,16,1.045,1.01,1.08
05/29/2009,0.246105,3134,0.40219,0.02359,25.87265,0,4.275,3,5.55,0.223483,11249,0.274617,0.022232,22.36576,73,2.335,1.12,3.55,0.21889,4505,0.180836,0.017825,17.68562,311,1.345,1.06,1.63
06/01/2009,0.241158,3134,0.44609,0.024294,26.85229,29,4.95,4.9,5,0.226056,11322,0.321614,0.023283,24.43929,23,2.96,2.92,3,0.211989,4810,0.207726,0.019727,19.53869,22,1.58,1.55,1.61
06/02/2009,0.242193,3132,0.449661,0.024244,26.86421,32,5.025,4.95,5.1,0.227012,11336,0.325245,0.023318,24.52419,7,3.015,2.93,3.1,0.212039,4811,0.20985,0.019858,19.72708,0,1.6,1.55,1.65
06/03/2009,0.248673,3133,0.438775,0.023701,26.5012,804,4.925,4.85,5,0.232586,11337,0.316658,0.022681,24.06364,858,2.95,2.9,3,0.21846,4811,0.206144,0.019228,19.31273,1575,1.595,1.55,1.64
06/04/2009,0.249711,3330,0.452763,0.023605,26.76851,7,5.2,5.1,5.3,0.234468,11883,0.331445,0.022825,24.63559,281,3.175,3.1,3.25,0.220445,6376,0.219517,0.019683,20.05167,566,1.75,1.7,1.8
06/05/2009,0.247666,3328,0.46272,0.023764,26.88678,11,5.35,5.3,5.4,0.233477,11924,0.340974,0.023072,24.95025,1,3.3,3.25,3.35,0.22019,6941,0.22838,0.020081,20.71092,1,1.845,1.8,1.89
06/08/2009,0.250606,3318,0.458987,0.023665,26.63774,5,5.3,5.25,5.35,0.235523,11924,0.337217,0.022971,24.63878,0,3.25,3.2,3.3,0.221257,6941,0.224187,0.019949,20.19461,2,1.795,1.77,1.82
06/09/2009,0.247233,3318,0.456116,0.024045,26.56096,1,5.175,5.1,5.25,0.231582,11924,0.331987,0.023293,24.43727,0,3.125,3.05,3.2,0.217042,6942,0.217262,0.020029,19.78456,10,1.69,1.65,1.73
06/10/2009,0.24496,3317,0.452119,0.024334,26.44884,10,5.05,4.95,5.15,0.229279,11924,0.326666,0.023454,24.22289,947,3.02,2.94,3.1,0.214141,6952,0.210689,0.020007,19.41038,726,1.6,1.54,1.66
06/11/2009,0.239343,2737,0.453943,0.02495,26.4562,71,4.975,4.9,5.05,0.222994,12650,0.32467,0.024067,24.12766,2,2.92,2.86,2.98,0.208644,6653,0.206713,0.020307,19.17211,2,1.525,1.49,1.56
06/12/2009,0.2378,2787,0.464174,0.025141,26.56443,0,5.125,5.05,5.2,0.221587,12652,0.333638,0.024446,24.43454,0,3.02,2.94,3.1,0.206657,6653,0.212525,0.020793,19.48072,240,1.57,1.51,1.63
06/15/2009,0.240276,2787,0.417984,0.025045,25.44213,2,4.325,4.25,4.4,0.224288,12652,0.290115,0.023317,22.43415,110,2.465,2.42,2.51,0.210795,6884,0.179074,0.018859,17.17847,3,1.255,1.22,1.29
06/16/2009,0.242971,2789,0.388267,0.024628,24.53719,32,3.875,3.8,3.95,0.226537,12751,0.263266,0.022339,21.03848,11,2.155,2.09,2.22,0.212602,6887,0.157893,0.017512,15.58339,571,1.065,1.02,1.11
06/17/2009,0.238072,2821,0.39075,0.025293,24.56428,0,3.825,3.75,3.9,0.222644,12741,0.263884,0.022853,21.03728,7,2.12,2.06,2.18,0.20894,7438,0.156731,0.017798,15.48059,10,1.035,0.99,1.08
06/18/2009,0.243021,2821,0.392668,0.024868,24.55132,74,3.925,3.85,4,0.2255,12735,0.265146,0.022639,21.01692,20,2.16,2.09,2.23,0.21054,7438,0.156913,0.017677,15.52251,4,1.045,0.99,1.1
06/19/2009,0.23821,2839,0.389002,0.02554,24.40255,20,3.775,3.7,3.85,0.221858,12755,0.260016,0.022954,20.72362,50,2.06,2,2.12,0.207948,7442,0.152392,0.017675,15.17278,62,0.99,0.96,1.02
06/22/2009,0.24503,2843,0.341962,0.024377,22.68085,1222,3.15,3.1,3.2,0.228824,12788,0.221592,0.020974,18.43544,33,1.675,1.63,1.72,0.214298,7492,0.124831,0.015414,12.8849,53,0.775,0.75,0.8
06/23/2009,0.241319,3909,0.334335,0.024647,22.44808,168,3,2.9,3.1,0.22438,12790,0.212178,0.02095,17.92286,2611,1.55,1.48,1.62,0.209893,7540,0.116305,0.015038,12.10736,418,0.695,0.65,0.74
06/24/2009,0.235207,4064,0.324313,0.025093,22.10922,0,2.8,2.75,2.85,0.219069,15307,0.201591,0.020902,17.26159,2,1.415,1.38,1.45,0.205056,7803,0.107346,0.014596,11.4071,23,0.615,0.58,0.65
06/25/2009,0.228979,4064,0.361794,0.026523,23.32471,5,3.225,3.15,3.3,0.212488,14682,0.229519,0.022891,19.07557,153,1.65,1.59,1.71,0.198481,7660,0.124445,0.016479,12.96161,0,0.725,0.69,0.76
06/26/2009,0.228294,4062,0.348512,0.026385,22.87845,546,3.035,2.97,3.1,0.210892,14794,0.216537,0.02246,18.13597,288,1.51,1.45,1.57,0.197289,7660,0.11493,0.015787,11.99577,20,0.65,0.6,0.7
06/29/2009,0.221844,4607,0.36808,0.027637,23.46442,164,3.2,3.15,3.25,0.204894,14926,0.229426,0.023809,18.96822,825,1.59,1.55,1.63,0.190514,7641,0.119914,0.016781,12.59311,140,0.665,0.63,0.7
06/30/2009,0.221906,4668,0.351322,0.02739,22.82294,21,2.975,2.9,3.05,0.205006,14819,0.214924,0.023127,17.92894,155,1.45,1.39,1.51,0.190857,7664,0.11003,0.015902,11.63058,20,0.595,0.55,0.64
07/01/2009,0.223376,4520,0.362062,0.027493,23.03278,26,3.125,3.05,3.2,0.206376,14666,0.224453,0.023526,18.62228,2,1.545,1.5,1.59,0.191692,7510,0.116318,0.016448,12.04114,0,0.64,0.6,0.68
07/02/2009,0.226667,4520,0.308488,0.02598,21.25679,22,2.485,2.43,2.54,0.210603,14668,0.182934,0.020889,16.09256,34,1.185,1.14,1.23,0.196766,7510,0.090723,0.013716,9.969949,210,0.475,0.44,0.51
07/06/2009,0.227814,4530,0.314079,0.026261,21.2055,11,2.54,2.49,2.59,0.21141,14693,0.186487,0.021221,16.0903,70,1.21,1.16,1.26,0.196948,7706,0.091983,0.013947,9.955907,100,0.48,0.44,0.52
07/07/2009,0.234803,4537,0.276293,0.024494,19.63241,104,2.155,2.13,2.18,0.217278,14751,0.158263,0.018994,14.22426,2,0.99,0.94,1.04,0.204249,7806,0.077201,0.012055,8.548399,157,0.395,0.36,0.43
07/08/2009,0.233822,4552,0.283551,0.024889,19.85087,0,2.225,2.15,2.3,0.217646,14751,0.164861,0.019444,14.58754,3,1.045,0.97,1.12,0.204961,7951,0.081784,0.012527,8.918116,0,0.425,0.37,0.48
07/09/2009,0.232986,4552,0.277769,0.024814,19.59023,844,2.15,2.07,2.23,0.218347,14754,0.161794,0.019221,14.33651,31,1.02,0.97,1.07,0.205294,7939,0.0795,0.012293,8.686984,0,0.41,0.38,0.44
07/10/2009,0.233258,5011,0.268955,0.024544,19.18886,0,2.05,2,2.1,0.218125,14779,0.15431,0.018772,13.86576,0,0.955,0.91,1,0.207197,7939,0.076876,0.011952,8.422433,1,0.395,0.38,0.41
07/13/2009,0.229613,5011,0.31181,0.026403,20.76445,167,2.495,2.44,2.55,0.213185,14779,0.18395,0.021218,15.66724,6,1.18,1.13,1.23,0.19935,7939,0.09071,0.013869,9.658918,350,0.47,0.42,0.52
07/14/2009,0.228673,5172,0.319782,0.026781,20.99704,233,2.575,2.51,2.64,0.212716,14769,0.190236,0.021693,15.97892,0,1.23,1.18,1.28,0.197552,8298,0.09289,0.014227,9.829726,10,0.48,0.46,0.5
07/15/2009,0.230733,5272,0.391704,0.027918,23.11666,460,3.525,3.45,3.6,0.213915,14769,0.251142,0.024698,19.22644,1,1.81,1.76,1.86,0.199419,8298,0.136495,0.018082,13.23156,85,0.79,0.75,0.83
07/16/2009,0.216377,5662,0.434044,0.029615,24.12879,3,3.925,3.85,4,0.201955,14828,0.285153,0.027297,20.86955,885,2.06,2,2.12,0.189888,8303,0.160031,0.020772,14.97983,11,0.93,0.88,0.98
07/17/2009,0.216774,5665,0.44502,0.029741,24.25447,118,4.075,4,4.15,0.202168,14530,0.294874,0.027733,21.22308,719,2.155,2.11,2.2,0.188937,8293,0.16555,0.021358,15.33239,351,0.965,0.93,1
07/20/2009,0.214594,5727,0.469124,0.030207,24.44448,126,4.375,4.35,4.4,0.200599,15050,0.315739,0.028776,21.90586,5,2.35,2.31,2.39,0.187027,8096,0.179605,0.022698,16.18344,73,1.06,1.03,1.09
07/21/2009,0.212934,5837,0.493835,0.030364,24.66229,171,4.725,4.65,4.8,0.199345,15052,0.338432,0.029605,22.68058,43,2.585,2.54,2.63,0.187002,8099,0.198488,0.02399,17.30864,0,1.21,1.18,1.24
07/22/2009,0.211185,6004,0.484204,0.030775,24.50797,18,4.525,4.45,4.6,0.197313,15022,0.327112,0.029685,22.2491,295,2.43,2.39,2.47,0.184942,8099,0.187778,0.02359,16.6264,96,1.11,1.07,1.15
07/23/2009,0.214687,6019,0.538246,0.029717,24.81665,92,5.5,5.4,5.6,0.200804,15314,0.383021,0.030366,23.9007,80,3.125,3.05,3.2,0.187793,8185,0.235128,0.026078,19.29392,117,1.525,1.5,1.55
07/24/2009,0.215028,6031,0.548098,0.029585,24.73511,42,5.675,5.6,5.75,0.200124,15291,0.392207,0.030655,24.08023,5,3.225,3.15,3.3,0.188053,8225,0.243561,0.026524,19.67341,15,1.6,1.57,1.63
07/27/2009,0.217319,6045,0.552771,0.029409,24.51592,5,5.775,5.7,5.85,0.203343,15294,0.398287,0.030499,24.0134,4,3.325,3.25,3.4,0.189934,8230,0.248234,0.026712,19.73182,569,1.645,1.61,1.68
07/28/2009,0.222363,6047,0.54846,0.028889,24.45746,19,5.8,5.7,5.9,0.20643,15298,0.395575,0.030114,23.86365,56,3.325,3.25,3.4,0.193145,8288,0.247789,0.02636,19.62534,1890,1.66,1.64,1.68
07/29/2009,0.227976,6049,0.539718,0.028405,24.38126,3415,5.75,5.65,5.85,0.212268,15298,0.390049,0.029343,23.60823,9,3.325,3.25,3.4,0.197183,8131,0.244088,0.025765,19.32028,11,1.65,1.62,1.68
07/30/2009,0.2263,8739,0.560571,0.028298,24.34471,55,6.1,6,6.2,0.210961,15294,0.410523,0.029784,24.04377,94,3.575,3.5,3.65,0.196645,8113,0.26204,0.026687,20.15197,288,1.815,1.79,1.84
07/31/2009,0.226467,8718,0.567483,0.028227,24.27316,41,6.225,6.15,6.3,0.210532,15310,0.417068,0.029972,24.12636,23,3.65,3.6,3.7,0.197017,8137,0.268269,0.026968,20.4111,20,1.875,1.84,1.91
08/03/2009,0.223347,8708,0.601677,0.028037,23.83183,4,6.8,6.75,6.85,0.208499,15310,0.451175,0.030614,24.57726,109,4.075,4,4.15,0.195253,8134,0.297275,0.028488,21.54164,122,2.14,2.12,2.16
08/04/2009,0.219843,8706,0.611923,0.0283,23.69385,7,6.9,6.8,7,0.206116,15415,0.459849,0.03104,24.64533,5030,4.15,4.1,4.2,0.191767,8146,0.301949,0.029203,21.68522,1540,2.15,2.12,2.18
08/05/2009,0.220247,8704,0.601739,0.028628,23.68659,29,6.675,6.6,6.75,0.206268,19982,0.448463,0.03112,24.40001,184,3.975,3.9,4.05,0.191726,9253,0.290761,0.028904,21.19406,5,2.03,2,2.06
08/06/2009,0.224978,8704,0.595038,0.028238,23.66762,70,6.65,6.55,6.75,0.210592,15032,0.444064,0.030564,24.23962,38,3.975,3.9,4.05,0.196257,9256,0.289726,0.028327,21.0539,10,2.055,2.03,2.08
08/07/2009,0.222808,8698,0.628523,0.02763,23.30635,91,7.3,7.25,7.35,0.207545,15069,0.478559,0.031035,24.65405,174,4.425,4.35,4.5,0.193072,9256,0.319454,0.029808,22.19337,183,2.33,2.32,2.34
08/10/2009,0.219092,8707,0.621785,0.028614,23.16791,10,6.975,6.9,7.05,0.205167,15075,0.467306,0.031718,24.30454,5,4.175,4.1,4.25,0.191236,9298,0.306225,0.02992,21.48524,109,2.155,2.13,2.18
08/11/2009,0.22704,8703,0.593381,0.028487,23.3828,33,6.575,6.5,6.65,0.212064,15076,0.44092,0.030818,23.81824,175,3.9,3.85,3.95,0.196449,9332,0.284241,0.028502,20.51442,30,1.975,1.95,2
08/12/2009,0.22497,8699,0.62705,0.027883,23.00035,19,7.225,7.15,7.3,0.210169,15101,0.476033,0.031142,24.24573,28,4.375,4.3,4.45,0.195813,9347,0.316875,0.02977,21.77276,6,2.3,2.27,2.33
08/13/2009,0.222743,8708,0.639796,0.027827,22.622,15,7.425,7.35,7.5,0.206549,15077,0.487951,0.031713,24.30528,68,4.475,4.4,4.55,0.192968,9348,0.32591,0.030539,22.04333,5,2.36,2.33,2.39
08/14/2009,0.218879,8699,0.618958,0.029141,22.94015,76,6.825,6.75,6.9,0.204111,15082,0.461449,0.032295,23.94124,35,4.025,3.95,4.1,0.189196,9354,0.296905,0.030245,20.89686,3,2.02,1.99,2.05
08/17/2009,0.233888,8689,0.564262,0.028855,23.00168,122,6.05,6,6.1,0.217403,15131,0.41074,0.03051,22.77897,26,3.5,3.45,3.55,0.201944,9357,0.258174,0.02722,18.94666,109,1.735,1.71,1.76
08/18/2009,0.230473,8678,0.584535,0.028929,22.91126,81,6.35,6.3,6.4,0.213137,15134,0.428947,0.031299,23.09205,20,3.675,3.6,3.75,0.197798,9447,0.271397,0.02839,19.52175,996,1.825,1.8,1.85
08/19/2009,0.227034,8678,0.61351,0.028761,22.53705,126,6.825,6.75,6.9,0.211742,15152,0.458598,0.031727,23.49189,21,4.05,4,4.1,0.19664,9319,0.297363,0.029701,20.55965,13,2.06,2.03,2.09
08/20/2009,0.246285,8645,0.607379,0.028011,22.06148,607,7.1,7.05,7.15,0.226855,15253,0.457003,0.030401,23.24765,10,4.25,4.2,4.3,0.208319,8771,0.299254,0.028536,20.48186,7,2.18,2.15,2.21
08/21/2009,0.250608,8928,0.651148,0.026628,21.845,408,8.175,8.1,8.25,0.229204,15263,0.507079,0.030336,23.57202,87,5.05,5,5.1,0.210967,8771,0.348681,0.029908,22.04824,217,2.735,2.71,2.76
08/24/2009,0.251957,9232,0.652844,0.026603,21.76618,11,8.2,8.15,8.25,0.230747,15312,0.50903,0.030311,23.42699,33,5.075,5,5.15,0.213323,8925,0.351231,0.029871,21.90203,87,2.77,2.74,2.8
08/25/2009,0.253784,9228,0.661797,0.026274,21.2527,55,8.45,8.35,8.55,0.232619,15318,0.519391,0.030123,23.38327,11,5.275,5.2,5.35,0.215116,8909,0.36227,0.029983,22.13399,211,2.915,2.89,2.94
08/26/2009,0.255359,9191,0.661391,0.02631,21.28877,18,8.45,8.4,8.5,0.236149,15317,0.518842,0.029713,23.30345,1087,5.325,5.25,5.4,0.216959,9088,0.362427,0.029837,22.05525,72,2.93,2.9,2.96
08/27/2009,0.256899,9187,0.670379,0.025991,20.99418,139,8.7,8.65,8.75,0.23643,15370,0.529752,0.029753,23.20447,1301,5.5,5.45,5.55,0.217259,9120,0.37273,0.03012,22.34248,58,3.05,3,3.1
08/28/2009,0.257417,9087,0.663522,0.026105,20.8165,15,8.525,8.45,8.6,0.235341,15924,0.522121,0.03006,23.20301,811,5.325,5.25,5.4,0.216278,9103,0.363867,0.03018,21.94295,0,2.92,2.89,2.95
08/31/2009,0.260863,9076,0.647921,0.026348,21.20803,21,8.175,8.1,8.25,0.239226,16137,0.50538,0.029864,22.7974,23,5.075,5,5.15,0.219936,9103,0.348549,0.029608,21.2737,14,2.755,2.73,2.78
09/01/2009,0.266586,9077,0.597146,0.026946,21.405,110,7.125,7.05,7.2,0.24735,16148,0.452999,0.029089,22.21298,20,4.35,4.3,4.4,0.227282,9117,0.301535,0.027476,19.66157,652,2.285,2.25,2.32
09/02/2009,0.268196,9021,0.586531,0.027218,21.48994,0,6.9,6.85,6.95,0.247212,16146,0.440892,0.029164,21.95955,5,4.15,4.1,4.2,0.22821,9383,0.290775,0.027093,19.15994,11,2.17,2.14,2.2
09/03/2009,0.26236,9021,0.60435,0.027547,21.27207,10,7.125,7.05,7.2,0.241176,16156,0.456085,0.03002,22.09716,26,4.275,4.2,4.35,0.220547,9386,0.299326,0.028374,19.44243,14,2.19,2.15,2.23
09/04/2009,0.257478,9011,0.633514,0.02752,20.84682,0,7.625,7.55,7.7,0.234268,16165,0.48437,0.031072,22.36303,0,4.575,4.5,4.65,0.21445,9395,0.321722,0.030006,20.14829,21,2.365,2.33,2.4
09/08/2009,0.257342,9011,0.651195,0.027467,20.36568,0,7.925,7.85,8,0.233563,16170,0.501715,0.031532,22.13483,13,4.775,4.7,4.85,0.21459,9395,0.33688,0.03083,20.47577,10,2.5,2.47,2.53
09/09/2009,0.250826,9011,0.666544,0.027804,19.9501,12,8.075,8,8.15,0.229286,16180,0.515642,0.032132,22.12111,31,4.9,4.85,4.95,0.208544,9395,0.345375,0.032044,20.65604,15,2.52,2.5,2.54
09/10/2009,0.24771,9014,0.691702,0.027614,19.42288,41,8.55,8.5,8.6,0.224364,16207,0.541692,0.032785,22.06168,4,5.2,5.15,5.25,0.205551,9390,0.368586,0.033237,21.13406,48,2.73,2.7,2.76
09/11/2009,0.249472,9045,0.68698,0.02753,19.40341,28,8.475,8.45,8.5,0.223813,16203,0.537153,0.03299,21.98374,41,5.1,5.05,5.15,0.204951,9430,0.363132,0.033294,20.93114,657,2.655,2.63,2.68
09/14/2009,0.25039,9028,0.69031,0.027482,19.20872,12,8.5,8.4,8.6,0.226559,16202,0.539896,0.03293,21.7057,21,5.15,5.05,5.25,0.206986,9253,0.365685,0.033393,20.7522,31,2.68,2.65,2.71
09/15/2009,0.252363,9029,0.705308,0.026728,18.92772,27,8.925,8.85,9,0.227455,16201,0.559298,0.032656,21.57474,14,5.475,5.4,5.55,0.206302,9284,0.38443,0.034044,21.16285,20,2.87,2.84,2.9
09/16/2009,0.247622,9043,0.740127,0.025927,17.97086,53,9.675,9.6,9.75,0.22341,16204,0.598264,0.032637,21.29849,626,6.05,6,6.1,0.202655,9287,0.422259,0.035384,21.7873,140,3.25,3.2,3.3
09/17/2009,0.234461,9013,0.752393,0.025285,17.49915,54,9.7,9.65,9.75,0.214464,16081,0.610195,0.032643,21.31481,59,6.1,6.05,6.15,0.196308,9389,0.433394,0.03606,21.96725,44,3.3,3.25,3.35
09/18/2009,0.241429,9012,0.754391,0.024563,17.34206,9,9.975,9.9,10.05,0.220541,16074,0.6169,0.031756,21.21364,20,6.35,6.3,6.4,0.200526,9400,0.444114,0.035631,22.00898,318,3.475,3.4,3.55
09/21/2009,0.23946,9004,0.748264,0.025433,17.22502,35,9.6,9.5,9.7,0.217772,16094,0.606114,0.032884,21.01823,19,6,5.95,6.05,0.200363,9367,0.429023,0.035992,21.51852,59,3.25,3.2,3.3
09/22/2009,0.237291,9005,0.762753,0.025019,16.79074,0,9.9,9.8,10,0.216933,16086,0.62201,0.032687,20.80433,24,6.25,6.2,6.3,0.198704,9359,0.444667,0.03655,21.659,64,3.4,3.35,3.45
09/23/2009,0.234455,9005,0.749491,0.026298,17.15361,44,9.35,9.25,9.45,0.213899,16071,0.601858,0.033943,20.89358,32,5.775,5.7,5.85,0.196149,9363,0.419171,0.036963,21.197,113,3.05,3,3.1
09/24/2009,0.247707,9016,0.725,0.026088,17.66189,15,9.125,9.05,9.2,0.223244,16098,0.58023,0.033169,20.91388,260,5.6,5.55,5.65,0.204603,9376,0.402588,0.035417,20.78119,74,2.965,2.93,3
09/25/2009,0.236544,9019,0.726625,0.027506,17.6558,4,8.725,8.65,8.8,0.216868,16101,0.572664,0.034497,20.88082,62,5.3,5.25,5.35,0.199916,9388,0.389586,0.036169,20.44259,27,2.75,2.72,2.78
09/28/2009,0.236079,9017,0.758339,0.026131,16.36087,1,9.475,9.35,9.6,0.217452,16161,0.610438,0.033839,20.3093,67,5.9,5.85,5.95,0.197923,9408,0.426775,0.037517,20.85685,5,3.1,3.05,3.15
09/29/2009,0.238793,9016,0.746793,0.026656,16.78235,10,9.2,9.1,9.3,0.215711,16218,0.597531,0.034722,20.41726,8,5.6,5.55,5.65,0.196822,9412,0.410495,0.037718,20.49571,15,2.89,2.86,2.92
09/30/2009,0.240911,9006,0.735997,0.027067,16.92058,17,8.95,8.85,9.05,0.217212,16218,0.584879,0.034924,20.25831,38,5.4,5.35,5.45,0.197965,9409,0.397006,0.037431,20.17322,181,2.75,2.7,2.8
10/01/2009,0.243449,9003,0.678912,0.029592,18.03657,64,7.575,7.5,7.65,0.221322,16188,0.514782,0.035687,20.27806,4115,4.375,4.3,4.45,0.203711,9456,0.329327,0.03489,18.50403,116,2.125,2.08,2.17
10/02/2009,0.244778,8973,0.670904,0.029911,18.1268,0,7.4,7.3,7.5,0.222845,20241,0.505353,0.035691,20.15054,1019,4.25,4.2,4.3,0.20305,9464,0.318507,0.034771,18.07457,42,2.01,1.97,2.05
10/05/2009,0.241944,8973,0.707024,0.029067,17.18616,2,8.05,7.95,8.15,0.220739,17439,0.544567,0.036019,19.95355,35,4.725,4.65,4.8,0.201166,9463,0.353671,0.036708,18.78109,616,2.295,2.27,2.32
10/06/2009,0.236337,8973,0.749054,0.027561,16.11191,21,8.9,8.75,9.05,0.21539,13454,0.593,0.036,19.71871,41,5.35,5.3,5.4,0.197022,9505,0.399611,0.038693,19.66064,268,2.695,2.67,2.72
10/07/2009,0.234971,8952,0.750247,0.027718,15.6851,0,8.85,8.75,8.95,0.214225,13465,0.592922,0.036329,19.50177,510,5.3,5.25,5.35,0.194149,9763,0.396334,0.039357,19.51687,31,2.615,2.59,2.64
10/08/2009,0.232401,8952,0.770813,0.026882,15.06651,35,9.275,9.2,9.35,0.210963,13472,0.617481,0.036356,19.24186,34,5.6,5.55,5.65,0.194171,9767,0.420824,0.039918,19.83841,30,2.855,2.82,2.89
10/09/2009,0.227749,8948,0.796735,0.025942,13.93189,27,9.8,9.75,9.85,0.207106,13452,0.647787,0.036078,18.82279,0,6,5.95,6.05,0.187799,9763,0.448989,0.041718,20.11842,39,3.05,3,3.1
10/12/2009,0.22989,8922,0.803622,0.025339,13.67182,6,9.975,9.9,10.05,0.205732,13452,0.658984,0.036411,18.31863,24,6.075,6,6.15,0.188937,9759,0.458321,0.042139,19.90484,63,3.125,3.05,3.2
10/13/2009,0.234091,8917,0.798088,0.025401,13.78795,20,9.925,9.85,10,0.209535,13432,0.653353,0.036161,18.30219,1,6.05,6,6.1,0.188783,9776,0.453018,0.042385,19.74982,116,3.05,3,3.1
10/14/2009,0.238298,8917,0.82854,0.02269,12.36781,27,11.1,11,11.2,0.212192,13431,0.700909,0.033524,17.28995,91,7.025,6.95,7.1,0.191028,9846,0.512169,0.041912,20.0079,64,3.75,3.7,3.8
10/15/2009,0.233552,8915,0.841134,0.022201,11.84627,19,11.3,11.2,11.4,0.210075,13356,0.71374,0.033277,16.93512,0,7.2,7.15,7.25,0.188562,9833,0.525312,0.042494,19.93654,35,3.85,3.8,3.9
10/16/2009,0.210182,8915,0.856386,0.02256,11.28344,35,10.75,10.65,10.85,0.190552,13356,0.719413,0.036093,16.7597,75,6.65,6.6,6.7,0.176192,9818,0.512795,0.045605,19.86659,38,3.45,3.4,3.5
10/19/2009,0.220722,8907,0.867559,0.020512,10.45104,16,11.575,11.5,11.65,0.197648,13359,0.745975,0.033424,15.73717,35,7.35,7.3,7.4,0.178531,9813,0.552119,0.045051,19.5418,711,3.9,3.85,3.95
10/20/2009,0.213544,8899,0.866364,0.021613,10.34562,21,11.075,11,11.15,0.194115,13337,0.733917,0.035163,16.00742,256,6.925,6.85,7,0.17731,10003,0.530551,0.046047,19.45707,101,3.6,3.55,3.65
10/21/2009,0.223717,8888,0.834954,0.023816,11.83553,21,10.35,10.25,10.45,0.199378,13405,0.695417,0.036891,16.87419,38,6.3,6.25,6.35,0.180498,9501,0.486366,0.045982,19.20313,163,3.15,3.1,3.2
10/22/2009,0.220914,8887,0.868477,0.020843,10.28637,0,11.425,11.35,11.5,0.197614,13443,0.744642,0.034133,15.48751,13,7.2,7.15,7.25,0.177453,9539,0.546639,0.046238,19.21437,413,3.75,3.7,3.8
10/23/2009,0.216198,8887,0.854844,0.023042,10.86047,0,10.575,10.5,10.65,0.198167,13451,0.712967,0.036469,16.26014,2,6.525,6.45,6.6,0.178747,9780,0.504074,0.046828,19.05503,129,3.275,3.2,3.35
10/26/2009,0.21712,8887,0.832866,0.025708,11.62706,0,9.675,9.6,9.75,0.199465,13449,0.675773,0.039176,16.67599,307,5.775,5.7,5.85,0.181567,9861,0.455801,0.047074,18.41946,1191,2.775,2.75,2.8
10/27/2009,0.228583,8887,0.822879,0.025356,11.89458,30,9.8,9.7,9.9,0.204968,13521,0.673261,0.03848,16.64902,238,5.85,5.8,5.9,0.184449,10380,0.456829,0.046638,18.31086,64,2.81,2.78,2.84
10/28/2009,0.24324,8867,0.780842,0.027259,13.32584,6,9.05,9,9.1,0.217563,13293,0.623394,0.038686,17.18943,253,5.3,5.25,5.35,0.195937,10342,0.41059,0.043785,17.64191,331,2.5,2.48,2.52
10/29/2009,0.23413,8867,0.83751,0.023579,11.29551,3408,10.425,10.35,10.5,0.207992,13269,0.699823,0.036761,15.95457,20,6.35,6.3,6.4,0.186793,10202,0.490225,0.046576,18.30869,1497,3.15,3.1,3.2
10/30/2009,0.257724,6839,0.75475,0.027721,13.96008,7,8.725,8.65,8.8,0.229428,13277,0.596607,0.038048,17.21057,662,5.075,5,5.15,0.205063,10027,0.38818,0.041986,17.04851,479,2.365,2.33,2.4
11/02/2009,0.255079,6840,0.781813,0.026657,12.93258,0,9.225,9.15,9.3,0.229151,13711,0.627786,0.037692,16.61892,137,5.475,5.4,5.55,0.203717,10112,0.41836,0.043588,17.18015,539,2.59,2.57,2.61
11/03/2009,0.240196,6840,0.794019,0.027648,12.41633,0,8.975,8.9,9.05,0.218998,13712,0.630425,0.039652,16.46057,25,5.25,5.2,5.3,0.197238,10108,0.411505,0.045185,16.98796,21,2.435,2.4,2.47
11/04/2009,0.23585,6840,0.809589,0.027039,11.73459,0,9.2,9.1,9.3,0.216776,13727,0.646752,0.039603,16.1211,12,5.425,5.35,5.5,0.196275,10113,0.426958,0.045931,17.0735,142,2.55,2.54,2.56
11/05/2009,0.238873,6840,0.857069,0.022205,9.895885,10,10.875,10.8,10.95,0.215646,13715,0.723454,0.035537,14.69586,44,6.75,6.7,6.8,0.192392,10217,0.518379,0.047079,17.57381,406,3.4,3.35,3.45
11/06/2009,0.226755,6840,0.875024,0.021715,8.894065,10,10.925,10.85,11,0.206665,13686,0.739506,0.036211,14.11867,25,6.75,6.7,6.8,0.184654,10121,0.527936,0.049247,17.45307,501,3.35,3.3,3.4
11/09/2009,0.223143,6830,0.921988,0.016584,6.303656,12,12.7,12.6,12.8,0.205958,13685,0.812839,0.030366,11.66102,73,8.275,8.25,8.3,0.183693,10077,0.62848,0.047244,16.52705,255,4.45,4.4,4.5
11/10/2009,0.216468,6820,0.934291,0.015633,5.472256,12,12.9,12.8,13,0.201214,13649,0.827801,0.029706,11.06648,481,8.425,8.35,8.5,0.183762,9875,0.641922,0.046905,16.24644,50,4.6,4.55,4.65
11/11/2009,0.225638,6820,0.933451,0.01501,5.413157,50,13.35,13.25,13.45,0.206169,13183,0.836692,0.028204,10.49448,181,8.825,8.75,8.9,0.186123,9868,0.661487,0.045557,15.84735,190,4.9,4.85,4.95
11/12/2009,0.23772,6755,0.907936,0.017251,7.083126,61,12.525,12.45,12.6,0.215591,12996,0.799953,0.03087,11.93481,44,8.125,8.05,8.2,0.194661,9864,0.613337,0.046245,16.31891,20,4.4,4.35,4.45
11/13/2009,0.226683,6711,0.931637,0.015341,5.367667,4,13.125,13.05,13.2,0.210464,12964,0.829017,0.028806,10.79796,11,8.65,8.6,8.7,0.192049,9868,0.64918,0.045483,15.75655,16,4.8,4.75,4.85
11/16/2009,0.23998,6708,0.942699,0.012981,4.802433,54,14.425,14.35,14.5,0.213643,12963,0.866983,0.024421,8.965207,11,9.775,9.7,9.85,0.195594,9859,0.709189,0.041908,14.4723,155,5.7,5.65,5.75
11/17/2009,0.227582,6664,0.956476,0.011723,3.791329,6,14.675,14.6,14.75,0.205073,12958,0.885943,0.023096,7.913984,5,9.975,9.9,10.05,0.187532,9732,0.731711,0.042347,13.80367,139,5.8,5.75,5.85
11/18/2009,0.152746,6658,0.995944,0.002192,0.526981,4,14.575,14.5,14.65,0.186613,12956,0.910773,0.021795,6.598643,0,9.875,9.8,9.95,0.180776,9656,0.742958,0.043528,13.35273,171,5.725,5.7,5.75
11/19/2009,0.259856,6654,0.95896,0.025643,4.589515,25,13.7,13.65,13.75,0.233473,12954,0.834092,0.027237,10.23243,61,9.1,9.05,9.15,0.203386,9702,0.669749,0.045541,14.51332,611,5.05,5,5.1
11/20/2009,0.259853,691,0.9287,0.014331,5.792082,42,13.575,13.5,13.65,0.225484,12994,0.846334,0.0282,9.149333,10,8.95,8.9,9,0.197763,9944,0.674369,0.047571,14.5614,189,4.9,4.85,4.95
11/23/2009,0.260295,731,0.949413,0.011321,3.522726,0,14.675,14.6,14.75,0.226703,12984,0.883229,0.023955,7.581726,22,9.95,9.9,10,0.198188,9958,0.733867,0.044577,12.9255,182,5.675,5.65,5.7
11/24/2009,0.232403,731,0.968493,0.008966,2.716978,0,14.475,14.4,14.55,0.214541,12964,0.896623,0.023845,6.569005,10,9.75,9.7,9.8,0.188249,9932,0.741495,0.047004,12.36238,85,5.45,5.4,5.5
11/25/2009,0.263955,731,0.952722,0.010904,3.568577,0,14.825,14.75,14.9,0.221617,12964,0.897542,0.023082,6.870567,0,10.025,9.95,10.1,0.194535,9917,0.748766,0.045274,12.36428,53,5.7,5.65,5.75
11/27/2009,0.250173,731,0.948965,0.012693,3.807643,0,13.375,13.15,13.6,0.229539,12964,0.856486,0.028854,8.836908,85,8.775,8.65,8.9,0.204888,9946,0.674173,0.049413,13.30774,122,4.75,4.6,4.9
11/30/2009,0.284859,731,0.935992,0.013705,4.488801,44,13.85,13.8,13.9,0.248456,12966,0.855918,0.027605,8.253221,33,9.2,9.15,9.25,0.210555,9990,0.69319,0.048554,12.69591,330,5,4.95,5.05
12/01/2009,0.286039,775,0.951637,0.011125,3.504234,3,14.925,14.85,15,0.240113,12940,0.896301,0.023242,5.838635,60,10.125,10.05,10.2,0.206242,9908,0.753137,0.045383,11.41425,105,5.75,5.7,5.8
12/02/2009,0.263725,774,0.965945,0.009456,2.926516,0,14.7,14.65,14.75,0.23278,12930,0.903175,0.023342,6.380885,0,9.925,9.85,10,0.201209,9913,0.753703,0.04729,10.92993,82,5.55,5.5,5.6
12/03/2009,0.26167,774,0.960364,0.011061,3.037635,5,13.825,13.75,13.9,0.23172,12930,0.884962,0.027023,6.748695,501,9.1,9.05,9.15,0.20434,9923,0.708463,0.051173,11.73324,38,4.9,4.85,4.95
12/04/2009,0.261624,774,0.965984,0.01007,2.253193,15,14.1,14.05,14.15,0.233032,12928,0.89465,0.025858,6.547014,0,9.35,9.3,9.4,0.201125,9936,0.729176,0.05106,11.45495,147,5.05,5,5.1
12/07/2009,0.244472,776,0.982047,0.007033,1.698707,27,14.1,14.05,14.15,0.234047,12928,0.904774,0.025442,5.703871,1,9.35,9.3,9.4,0.201197,9976,0.73849,0.052643,10.65071,100,5,4.95,5.05
12/08/2009,0.296644,774,0.940539,0.014719,3.867072,3,13.15,13.1,13.2,0.251248,12928,0.858448,0.03125,7.439515,7,8.45,8.4,8.5,0.211682,9957,0.670476,0.055441,11.82076,7,4.3,4.25,4.35
12/09/2009,0.290047,776,0.95444,0.012483,2.858594,10,13.6,13.55,13.65,0.247601,12924,0.881148,0.028775,6.713354,1,8.85,8.8,8.9,0.208038,9964,0.703641,0.055178,10.9648,39,4.575,4.55,4.6
12/10/2009,0.27428,786,0.974767,0.008798,1.798554,2,14.25,14.15,14.35,0.233054,12925,0.919962,0.024508,4.682206,0,9.4,9.35,9.45,0.201299,9957,0.752588,0.05415,10.39877,170,5,4.95,5.05
12/11/2009,0,786,0,0,0,54,14.925,14.85,15,0.226766,12925,0.946327,0.019536,3.215116,0,10.05,10,10.1,0.199151,9889,0.797066,0.050739,8.672771,120,5.525,5.5,5.55
12/14/2009,0.281354,784,0.988986,0.005234,0.703559,10,15.225,15.15,15.3,0.238445,12925,0.953218,0.018921,2.733206,10,10.3,10.25,10.35,0.205435,9884,0.811858,0.051139,8.39249,141,5.7,5.65,5.75
12/15/2009,0,774,0,0,0,0,14.7,14.65,14.75,0.221108,12933,0.965663,0.017667,1.657094,104,9.8,9.75,9.85,0.199217,9969,0.800166,0.055707,8.274938,181,5.25,5.2,5.3
12/16/2009,0,774,0,0,0,35,14.675,14.6,14.75,0.235313,12953,0.955805,0.02085,2.922952,0,9.75,9.7,9.8,0.19843,10000,0.799914,0.057897,7.81831,317,5.15,5.1,5.2
12/17/2009,0,767,0,0,0,15,13.35,13.25,13.45,0.231725,12953,0.933307,0.029671,3.16079,206,8.5,8.45,8.55,0.200695,10263,0.719792,0.064479,9.746198,414,4.15,4.1,4.2
12/18/2009,0.28043,357,0.963749,0.009934,2.271895,57,13.275,13.2,13.35,0.235574,12935,0.902362,0.02563,4.929643,42,8.475,8.4,8.55,0.187604,10311,0.733744,0.061253,9.377854,380,4.05,4,4.1
12/21/2009,0.335267,391,0.953555,0.010672,2.643904,35,14.075,14,14.15,0.25591,12950,0.91465,0.02244,4.242883,32,9.175,9.1,9.25,0.194488,10464,0.781159,0.055823,8.017844,209,4.575,4.5,4.65
12/22/2009,0.307343,409,0.973264,0.007517,1.658669,10,14.55,14.5,14.6,0.230858,12949,0.948886,0.016984,2.808364,5,9.6,9.55,9.65,0.180037,10508,0.833776,0.051724,6.677859,116,4.9,4.85,4.95
12/23/2009,0.352121,401,0.958229,0.009673,2.34332,1,14.625,14.55,14.7,0.260143,12944,0.931493,0.019367,3.465607,30,9.675,9.6,9.75,0.183998,10473,0.833627,0.051729,6.541075,105,4.9,4.85,4.95
12/24/2009,0.345733,401,0.968591,0.007936,1.823729,16,15.125,14.95,15.3,0.261047,12822,0.944742,0.016601,2.873618,13,10.175,10,10.35,0.189788,10408,0.858395,0.045849,5.784261,85,5.375,5.25,5.5
12/28/2009,0.308386,395,0.990043,0.003687,0.622963,6,15.325,15.25,15.4,0.253289,12819,0.968473,0.01198,1.659975,92,10.375,10.3,10.45,0.19408,10420,0.888754,0.041778,4.427716,35,5.55,5.5,5.6
12/29/2009,0.406803,390,0.966571,0.008055,1.691034,4,15.425,15.35,15.5,0.287378,12785,0.954578,0.014632,2.172261,0,10.425,10.35,10.5,0.19984,10388,0.888577,0.041797,4.307787,175,5.55,5.5,5.6
12/30/2009,0.398577,388,0.972295,0.007259,1.405865,10,15.325,15.25,15.4,0.29259,12785,0.95546,0.014592,2.073408,35,10.35,10.3,10.4,0.20306,10316,0.888802,0.042367,4.170502,15,5.475,5.4,5.55
12/31/2009,0.444609,388,0.951308,0.01077,2.128842,70,14.275,14.2,14.35,0.324441,12785,0.92229,0.021253,3.067178,19,9.325,9.25,9.4,0.217452,10306,0.823521,0.056486,5.468416,192,4.525,4.45,4.6
01/04/2010,0,429,0,0,0,20,15.675,15.6,15.75,0.319705,12781,0.974149,0.010259,1.103238,2,10.725,10.65,10.8,0.221046,10248,0.927252,0.034121,2.538461,71,5.8,5.75,5.85
01/05/2010,0.466489,413,0.981984,0.005444,0.774844,0,15.55,15.45,15.65,0.326907,12780,0.975253,0.010162,1.011571,1,10.55,10.5,10.6,0.214006,10203,0.936776,0.033225,2.166496,74,5.6,5.55,5.65
01/06/2010,0.500807,413,0.980692,0.005666,0.77923,8,15.625,15.55,15.7,0.374103,12780,0.965984,0.012181,1.251556,20,10.65,10.6,10.7,0.241727,10168,0.925889,0.03502,2.326304,11,5.7,5.65,5.75
01/07/2010,0,405,0,0,0,16,15.975,15.85,16.1,0.345826,12780,0.98446,0.007205,0.613197,2,10.975,10.9,11.05,0.254466,10163,0.939646,0.030001,1.875166,248,6.05,6,6.1
01/08/2010,0,405,0,0,0,8,16.025,15.95,16.1,0,12780,0,0,0,16,11.075,11,11.15,0,10026,0,0,0,359,6.1,6.05,6.15
01/11/2010,0,400,0,0,0,28,16.525,16.4,16.65,0,12766,0,0,0,1,11.55,11.5,11.6,0,9893,0,0,0,551,6.55,6.5,6.6
01/12/2010,0,375,0,0,0,7,16.075,15.9,16.25,0,12766,0,0,0,24,11.125,11.05,11.2,0.341979,9634,0.973721,0.018536,0.586597,115,6.175,6.15,6.2
01/13/2010,0,375,0,0,0,5,16.8,16.65,16.95,0,12766,0,0,0,5,11.725,11.65,11.8,0,9634,0,0,0,150,6.775,6.7,6.85
01/14/2010,0,349,0,0,0,21,17.025,17,17.05,0,12753,0,0,0,131,12,11.95,12.05,0,9557,0,0,0,55,7,6.95,7.05
01/15/2010,0,348,0,0,0,51,15.925,15.65,16.2,0,12732,0,0,0,23,11,10.85,11.15,0,9463,0,0,0,79,6.075,6,6.15