Dates,SPY_PX_LAST,SPY_PX_OPEN,SPY_PX_LOW,SPY_PX_HIGH
01/04/2010,113.33,112.37,111.51,113.39
01/05/2010,113.63,113.26,112.85,113.68
01/06/2010,113.71,113.52,113.43,113.99
01/07/2010,114.19,113.5,113.18,114.33
01/08/2010,114.57,113.89,113.66,114.62
01/11/2010,114.73,115.08,114.235,115.13
01/12/2010,113.66,113.97,113.22,114.21
1/13/2010,114.62,113.95,113.37,114.94
1/14/2010,114.93,114.49,114.42,115.14
1/15/2010,113.64,114.73,113.2,114.84
1/19/2010,115.06,113.62,113.59,115.13
1/20/2010,113.89,114.28,112.98,114.45
1/21/2010,111.7,113.92,111.56,114.27
1/22/2010,109.21,111.2,109.09,111.7416
1/25/2010,109.77,110.21,109.41,110.41
1/26/2010,109.31,109.34,109.04,110.47
1/27/2010,109.83,109.17,108.33,110.08
1/28/2010,108.57,110.19,107.91,110.25
1/29/2010,107.39,109.04,107.22,109.8
02/01/2010,109.06,108.15,107.5008,109.07
02/02/2010,110.38,109.26,108.88,110.59
02/03/2010,109.83,109.88,109.51,110.4815
02/04/2010,106.44,108.98,106.42,109.03
02/05/2010,106.66,106.56,104.58,106.88
02/08/2010,105.89,106.74,105.8099,107.33
02/09/2010,107.22,107.13,106.27,108.15
02/10/2010,107.01,107.05,106.11,107.6
02/11/2010,108.13,106.87,106.25,108.25
02/12/2010,108.04,106.99,106.51,108.1012
2/16/2010,109.74,108.86,108.42,109.85
2/17/2010,110.26,110.27,109.74,110.41
2/18/2010,110.91,110.08,110.035,111.14
2/19/2010,111.14,110.62,110.36,111.57
2/22/2010,111.16,111.55,110.83,111.58
2/23/2010,109.81,110.86,109.52,111.2
2/24/2010,110.82,110.14,109.86,111
2/25/2010,110.67,109.24,108.94,110.75
2/26/2010,110.74,110.77,110.11,111.12
03/01/2010,111.89,111.2,111.17,112
03/02/2010,112.2,112.37,112,112.74
03/03/2010,112.3,112.49,112.02,112.97
03/04/2010,112.641,112.45,112.03,112.8
03/05/2010,114.25,113.37,113.1,114.34
03/08/2010,114.27,114.26,114.07,114.52
03/09/2010,114.46,113.93,113.87,114.99
03/10/2010,114.97,114.51,114.41,115.275
03/11/2010,115.45,114.7,114.35,115.48
03/12/2010,115.46,115.95,115.14,115.97
3/15/2010,115.49,115.26,114.6,115.575
3/16/2010,116.41,115.81,115.49,116.52
3/17/2010,117.1,116.76,116.4198,117.48
3/18/2010,117.0375,117.11,116.57,117.27
3/19/2010,115.97,116.96,115.52,117.293
3/22/2010,116.5925,115.31,115.24,116.8
3/23/2010,117.41,116.76,116.38,117.51
3/24/2010,116.84,116.97,115.58,117.4264
3/25/2010,116.65,117.63,116.51,118.1666
3/26/2010,116.582,116.87,116.12,117.42
3/29/2010,117.32,117.1699,116.6886,117.53
3/30/2010,117.4,117.46,116.91,117.83
3/31/2010,117,116.95,116.61,117.52
04/01/2010,117.8,117.8,117.1,118.25
04/05/2010,118.76,118.25,117.92,118.84
04/06/2010,119.04,118.42,118.29,119.25
04/07/2010,118.36,118.8,117.81,119.3567
04/08/2010,118.7725,117.95,117.6,118.97
04/09/2010,119.55,119.02,118.8,119.6
04/12/2010,119.74,119.7,119.56,120.05
4/13/2010,119.83,119.62,119,120.04
4/14/2010,121.19,120.27,120.08,121.19
4/15/2010,121.29,120.99,120.95,121.5654
4/16/2010,119.36,120.86,118.75,121.285
4/19/2010,119.81,119.01,118.47,119.93
4/20/2010,120.88,120.56,119.871,120.98
4/21/2010,120.66,120.95,119.99,121.23
4/22/2010,121.02,119.81,119.12,121.17
4/23/2010,121.8125,120.94,120.63,121.86
4/26/2010,121.35,121.85,121.23,122.12
4/27/2010,118.48,120.65,118.25,121.3346
4/28/2010,119.38,119.05,118.27,119.68
4/29/2010,120.8575,120.1,120.07,121.11
4/30/2010,118.8125,120.88,118.78,121.01
05/03/2010,120.35,119.38,119.2,120.68
05/04/2010,117.52,119.01,116.92,119.03
05/05/2010,116.82,116.56,115.97,117.8
05/06/2010,112.942,116.26,105,117
05/07/2010,111.26,112.64,109.41,113.77
05/10/2010,116.16,115.81,114.91,116.65
05/11/2010,115.83,115.07,114.91,117.36
05/12/2010,117.45,116.29,116.09,117.62
5/13/2010,115.99,117.13,115.89,117.68
5/14/2010,113.89,115.12,112.87,115.33
5/17/2010,113.95,114.2,111.77,114.52
5/18/2010,112.4,114.88,112.03,115.22
5/19/2010,111.76,111.77,110.36,112.77
5/20/2010,107.54,109.38,107.47,109.89
5/21/2010,109.115,105.91,105.3612,109.38
5/24/2010,107.71,108.52,107.61,109.39
5/25/2010,107.818,105.11,104.38,107.87
5/26/2010,107.17,108.48,106.85,109.47
5/27/2010,110.76,109.19,108.7801,110.8
5/28/2010,109.369,110.64,108.85,110.724
06/01/2010,107.53,108.35,107.37,109.95
06/02/2010,110.33,108.08,107.5091,110.34
06/03/2010,110.71,110.65,109.58,111.06
06/04/2010,106.82,108.61,106.465,109.33
06/07/2010,105.49,107.2,105.41,107.61
06/08/2010,106.62,105.57,104.65,106.83
06/09/2010,106.05,107.24,105.6,108.28
06/10/2010,109.15,107.86,106.0426,109.28
06/11/2010,109.68,108.19,108.12,109.75
6/14/2010,109.509,110.52,109.4,111.12
6/15/2010,112,110.28,110.09,112.1
6/16/2010,111.96,111.42,111.2,112.42
6/17/2010,112.14,112.28,111.05,112.33
6/18/2010,111.729,111.83,111.37,112.13
6/21/2010,111.41,113.12,110.79,113.2
6/22/2010,109.57,111.41,109.41,111.9
6/23/2010,109.23,109.64,108.48,110.03
6/24/2010,107.42,108.69,107.14,108.83
6/25/2010,107.8675,107.74,106.77,108.42
6/28/2010,107.53,108.03,107.14,108.32
6/29/2010,104.21,106.02,103.55,107.5114
6/30/2010,103.22,103.92,102.88,104.88
07/01/2010,102.76,103.15,101.13,103.49
07/02/2010,102.2,103.11,101.62,103.42
07/06/2010,102.87,103.64,101.88,104.37
07/07/2010,106.1075,103.13,103.02,106.24
07/08/2010,107.16,107,105.91,107.28
07/09/2010,107.96,107.13,106.93,107.97
07/12/2010,108.03,107.6,107.15,108.24
7/13/2010,109.66,109.15,108.93,110.09
7/14/2010,109.651,109.31,108.86,110.08
7/15/2010,109.68,109.61,108.17,110.06
7/16/2010,106.66,109.09,106.45,109.2059
7/19/2010,107.29,107.05,106.22,107.63
7/20/2010,108.48,105.87,105.82,108.56
7/21/2010,107.07,109.04,106.63,109.07
7/22/2010,109.461,108.34,108.33,109.94
7/23/2010,110.41,109.24,108.93,110.57
7/26/2010,111.56,110.6,110.29,111.67
7/27/2010,111.55,112.17,111.11,112.29
7/28/2010,110.83,111.32,110.46,111.66
7/29/2010,110.29,111.52,109.41,111.82
7/30/2010,110.27,109.17,108.98,110.86
08/02/2010,112.76,111.99,111.54,112.94
08/03/2010,112.22,112.48,111.85,112.77
08/04/2010,112.97,112.53,112.16,113.11
08/05/2010,112.85,112.25,112.08,112.91
08/06/2010,112.392,111.74,110.92,112.57
08/09/2010,112.992,112.92,112.32,113.18
08/10/2010,112.375,112.03,111.3701,112.98
08/11/2010,109.3,110.65,109.12,110.69
08/12/2010,108.63,107.65,107.6,109.02
8/13/2010,108.31,108.29,108.18,108.96
8/16/2010,108.26,107.57,107.18,108.61
8/17/2010,109.59,109.19,108.88,110.39
8/18/2010,109.79,109.54,108.91,110.38
8/19/2010,107.88,109.22,107.43,109.49
8/20/2010,107.53,107.56,106.7499,107.9376
8/23/2010,107.1236,108.04,107.07,108.57
8/24/2010,105.53,105.95,104.97,106.39
8/25/2010,105.94,104.95,104.29,106.34
8/26/2010,105.23,106.44,104.88,106.58
8/27/2010,106.86,105.89,104.31,106.97
8/30/2010,105.311,106.58,105.3,106.91
8/31/2010,105.31,104.92,104.49,105.98
09/01/2010,108.46,106.73,106.66,108.61
09/02/2010,109.47,108.72,108.49,109.49
09/03/2010,110.89,110.54,109.95,110.99
09/07/2010,109.64,110.37,109.55,110.51
09/08/2010,110.41,109.86,109.81,110.85
09/09/2010,110.92,111.65,110.62,111.68
09/10/2010,111.482,111.12,110.87,111.61
9/13/2010,112.72,112.58,112.13,112.95
9/14/2010,112.65,112.5,112.08,113.29
9/15/2010,113.08,112.32,111.98,113.21
9/16/2010,113.05,112.73,112.35,113.12
9/17/2010,112.49,113.04,112.18,113.15
9/20/2010,114.21,112.88,112.5216,114.46
9/21/2010,113.98,114.3,113.51,114.84
9/22/2010,113.42,113.8,113.1,114.44
9/23/2010,112.498,112.49,112.18,113.67
9/24/2010,114.82,113.75,113.65,114.9
9/27/2010,114.27,114.86,114.16,114.99
9/28/2010,114.67,114.42,113.18,115.04
9/29/2010,114.47,114.38,114.02,114.91
9/30/2010,114.13,115.05,113.59,115.79
10/01/2010,114.61,114.99,113.93,115.12
10/04/2010,113.75,114.37,113.18,114.85
10/05/2010,116.04,114.8,114.67,116.32
10/06/2010,116.03,116.02,115.56,116.33
10/07/2010,115.89,116.5,115.19,116.53
10/08/2010,116.5375,116.05,115.61,116.86
10/11/2010,116.65,116.72,116.25,116.97
10/12/2010,117.01,116.27,115.65,117.35
10/13/2010,117.92,117.66,117.38,118.55
10/14/2010,117.46,117.8099,116.72,118.01
10/15/2010,117.7,118.28,116.76,118.35
10/18/2010,118.28,117.74,117.31,118.67
10/19/2010,116.73,117.19,116.02,117.85
10/20/2010,117.87,116.94,116.87,118.44
10/21/2010,118.13,118.4,117.21,119.09
10/22/2010,118.347,118.31,118,118.53
10/25/2010,118.7,119.14,118.61,119.76
10/26/2010,118.72,118.1,117.87,118.84
10/27/2010,118.38,117.89,117.26,118.51
10/28/2010,118.4,119.06,117.83,119.11
10/29/2010,118.49,118.28,118.07,118.72
11/01/2010,118.53,119.07,117.85,119.75
11/02/2010,119.475,119.42,119.1,119.75
11/03/2010,119.95,119.675,118.45,120.02
11/04/2010,122.26,121.28,119.9724,122.32
11/05/2010,122.725,122.34,122.18,122.92
11/08/2010,122.49,122.34,121.94,122.69
11/09/2010,121.61,122.82,121.12,122.95
11/10/2010,122.1,121.58,120.66,122.16
11/11/2010,121.635,121.05,120.68,121.82
11/12/2010,120.198,120.82,119.65,121.35
11/15/2010,120.03,120.58,119.98,121.05
11/16/2010,118.16,119.29,117.59,119.49
11/17/2010,118.218,118.21,117.86,118.71
11/18/2010,119.9575,119.36,119.35,120.39
11/19/2010,120.29,119.9,119.25,120.34
11/22/2010,120.19,119.69,118.77,120.24
11/23/2010,118.4475,118.77,117.99,119.015
11/24/2010,120.2,119.2,119.18,120.23
11/26/2010,118.8,119.16,118.8,119.81
11/29/2010,119.162,118.5,117.74,119.48
11/30/2010,118.4925,117.98,117.81,119.17
12/01/2010,121.01,120.2,120.19,121.24
12/02/2010,122.56,121.2,121.13,122.65
12/03/2010,122.89,122.14,122.11,123.03
12/06/2010,122.76,122.63,122.5,123.04
12/07/2010,122.83,123.94,122.76,124.01
12/08/2010,123.28,122.98,122.41,123.38
12/09/2010,123.76,123.97,123.15,124.02
12/10/2010,124.48,124.14,123.73,124.6
12/13/2010,124.56,125.05,124.52,125.2
12/14/2010,124.67,124.75,124.29,125.23
12/15/2010,124.098,124.44,123.89,124.93
12/16/2010,124.82,124.18,123.75,124.91
12/17/2010,124.3,124.08,123.82,124.46
12/20/2010,124.6,124.64,123.98,124.9
12/21/2010,125.39,124.99,124.87,125.47
12/22/2010,125.78,125.48,125.41,125.82
12/23/2010,125.6,125.64,125.29,125.78
12/27/2010,125.65,125.13,125.04,125.77
12/28/2010,125.83,125.9,125.5,125.95
12/29/2010,125.92,125.98,125.9,126.2
12/30/2010,125.72,125.8,125.53,126.13
12/31/2010,125.75,125.53,125.33,125.87
01/03/2011,127.05,126.71,125.6969,127.6
01/04/2011,126.98,127.33,126.19,127.37
01/05/2011,127.64,126.58,126.46,127.725
01/06/2011,127.39,127.69,127.01,127.83
01/07/2011,127.14,127.56,126.15,127.77
01/10/2011,126.98,126.58,126.2,127.16
01/11/2011,127.43,127.44,126.95,127.74
01/12/2011,128.58,128.21,127.4621,128.72
1/13/2011,128.3675,128.63,128.05,128.69
1/14/2011,129.3,128.19,128.1,129.33
1/18/2011,129.52,129.18,129.03,129.64
1/19/2011,128.25,129.41,127.91,129.5357
1/20/2011,128.08,127.96,127.13,128.4
1/21/2011,128.37,128.88,128.23,129.17
1/24/2011,129.1,128.285,128.26,129.25
1/25/2011,129.17,128.76,128.11,129.28
1/26/2011,129.67,129.49,129.23,130.05
1/27/2011,129.99,129.7,129.47,130.21
1/28/2011,127.72,130.14,127.51,130.35
1/31/2011,128.68,128.07,127.75,128.78
02/01/2011,130.74,129.46,129.3801,130.97
02/02/2011,130.485,130.4,130.33,130.84
02/03/2011,130.78,130.26,129.57,130.98
02/04/2011,131.15,130.83,130.23,131.2
02/07/2011,131.97,131.44,131.43,132.4
02/08/2011,132.57,132.09,131.73,132.64
02/09/2011,132.269,132.21,131.61,132.63
02/10/2011,132.321,131.6,131.3,132.47
02/11/2011,133.11,131.8,131.77,133.28
2/14/2011,133.43,133.03,132.88,133.54
2/15/2011,133.01,133.02,132.3167,133.22
2/16/2011,133.85,133.46,133.19,134.01
2/17/2011,134.25,133.46,133.34,134.43
2/18/2011,134.53,134.37,134.06,134.69
2/22/2011,131.83,133.12,131.47,134.5615
2/23/2011,131.02,131.75,130.21,132.07
2/24/2011,130.93,130.88,129.7,131.44
2/25/2011,132.33,131.48,131.4,132.41
2/28/2011,133.15,132.82,132.38,133.32
03/01/2011,130.93,133.57,130.89,133.69
03/02/2011,131.21,130.75,130.35,131.82
03/03/2011,133.47,132.4,132.39,133.62
03/04/2011,132.47,133.37,131.6,133.63
03/07/2011,131.43,132.86,130.735,133.1594
03/08/2011,132.58,131.64,131.07,133
03/09/2011,132.39,132.32,131.6,132.8
03/10/2011,129.9375,131,129.81,131.18
03/11/2011,130.84,129.52,129.49,131.31
3/14/2011,130.05,129.99,129.06,130.48
3/15/2011,128.56,126.59,126.5,129.33
3/16/2011,126.175,128.15,125.28,128.57
3/17/2011,127.85,128,127.1,128.39
3/18/2011,127.76,128.84,127.51,128.88
3/21/2011,129.74,129.35,129.2,130.01
3/22/2011,129.29,129.72,129.17,129.89
3/23/2011,129.66,128.93,128.32,130
3/24/2011,130.9,130.4,129.67,131.09
3/25/2011,131.3,131.24,130.8921,131.87
3/28/2011,130.98,131.58,130.94,131.92
3/29/2011,131.86,130.87,130.44,131.9
3/30/2011,132.77,132.55,132.36,133.16
3/31/2011,132.59,132.6,132.45,132.96
04/01/2011,133.15,133.41,132.83,133.77
04/04/2011,133.26,133.43,132.88,133.67
04/05/2011,133.24,133,132.94,133.83
04/06/2011,133.66,133.88,133.12,134
04/07/2011,133.32,133.42,132.66,133.9775
04/08/2011,132.86,133.91,132.31,133.99
04/11/2011,132.46,133,132.14,133.45
04/12/2011,131.47,131.72,130.99,131.98
4/13/2011,131.46,132.08,130.96,132.18
4/14/2011,131.56,130.7,130.27,131.76
4/15/2011,132.04,131.8,131.41,132.37
4/18/2011,130.56,130.59,129.51,132.0301
4/19/2011,131.31,130.76,130.44,131.35
4/20/2011,133.1,132.88,132.79,133.39
4/21/2011,133.78,133.79,133.1046,133.84
4/25/2011,133.64,133.68,133.2,133.86
4/26/2011,134.791,134.05,133.91,135.06
4/27/2011,135.67,135.05,134.5,135.87
4/28/2011,136.11,135.43,135.41,136.29
4/29/2011,136.43,136.16,135.98,136.57
05/02/2011,136.22,137.07,135.95,137.18
05/03/2011,135.73,135.96,135.045,136.19
05/04/2011,134.83,135.67,134.23,135.73
05/05/2011,133.61,134.08,133.02,134.95
05/06/2011,134.2,134.94,133.22,135.63
05/09/2011,134.72,134.19,133.98,135.11
05/10/2011,135.87,135.17,135,136.11
05/11/2011,134.44,135.67,133.82,135.69
05/12/2011,135.08,134.08,133.39,135.36
5/13/2011,134.04,135.15,133.56,135.34
5/16/2011,133.19,133.56,132.97,134.61
5/17/2011,133.17,132.69,132.12,133.35
5/18/2011,134.36,133.24,132.95,134.5
5/19/2011,134.68,134.8,133.94,135.03
5/20/2011,133.61,134.33,133.36,134.6781
5/23/2011,132.06,131.98,131.59,133.6475
5/24/2011,131.95,132.44,131.7,132.73
5/25/2011,132.39,131.42,131.38,132.94
5/26/2011,133,132.03,131.78,133.24
5/27/2011,133.51,133.37,132.9588,133.87
5/31/2011,134.9,134.77,133.84,134.92
06/01/2011,131.87,134.51,131.76,134.9234
06/02/2011,131.73,131.96,130.96,132.24
06/03/2011,130.42,130.15,130.08,131.42
06/06/2011,129.045,130.09,128.87,130.36
06/07/2011,128.96,129.7,128.85,130.07
06/08/2011,128.42,128.76,128.18,129.19
06/09/2011,129.4,128.77,128.46,129.93
06/10/2011,127.6,128.85,127.26,128.93
6/13/2011,127.7,127.89,127.05,128.24
6/14/2011,129.32,128.87,128.82,129.77
6/15/2011,127.02,128.24,126.68,129.2991
6/16/2011,127.3,127.06,126.32,127.97
6/17/2011,127.05,127.93,126.62,127.94
6/20/2011,127.7,126.62,126.58,127.97
6/21/2011,129.45,128.36,127.7535,129.7
6/22/2011,128.67,129.05,128.59,129.81
6/23/2011,128.301,127.16,126.19,128.6361
6/24/2011,126.81,128.27,126.62,128.37
6/27/2011,127.94,126.89,126.64,128.43
6/28/2011,129.61,128.45,128.27,129.63
6/29/2011,130.72,130.2,129.6321,130.93
6/30/2011,131.97,131.14,130.705,132.18
07/01/2011,133.92,132.09,131.78,134.1
07/05/2011,133.81,133.78,133.39,134.08
07/06/2011,133.97,133.49,133.11,134.14
07/07/2011,135.36,135.16,134.88,135.7
07/08/2011,134.4,133.83,133.39,134.4
07/11/2011,131.97,132.75,131.66,133.18
07/12/2011,131.4,131.69,131.36,132.78
7/13/2011,131.84,132.09,131.519,133.22
7/14/2011,130.93,132.17,130.68,132.78
7/15/2011,131.69,131.66,130.77,131.87
7/18/2011,130.61,131.08,129.63,131.28
7/19/2011,132.73,131.34,131.31,132.89
7/20/2011,132.65,133.07,132.42,133.15
7/21/2011,134.49,133.4,132.6693,134.82
7/22/2011,134.58,134.52,133.76,134.72
7/25/2011,133.83,133.3,133.16,134.49
7/26/2011,133.33,133.74,133.03,133.96
7/27/2011,130.6,132.59,130.43,132.63
7/28/2011,130.22,130.6,130.01,131.77
7/29/2011,129.33,128.91,127.9667,130.55
08/01/2011,128.78,130.84,127.53,130.96
08/02/2011,125.49,127.81,125.49,128.5
08/03/2011,126.17,125.66,123.53,126.31
08/04/2011,120.26,124.42,120.06,124.62
08/05/2011,120.08,121.76,116.86,122.07
08/08/2011,112.26,116.91,112.02,120.1218
08/09/2011,117.48,114.07,110.27,117.64
08/10/2011,112.29,115.26,111.95,116.28
08/11/2011,117.33,113.26,112.317,118.92
08/12/2011,118.12,118.4,117.28,119.215
8/15/2011,120.62,119.19,119,120.74
8/16/2011,119.59,119.47,118.31,120.69
8/17/2011,119.67,120.25,118.72,121.2
8/18/2011,114.51,116.5,113.39,119.714
8/19/2011,112.64,112.96,112.5,115.88
8/22/2011,112.73,115.17,112.41,115.23
8/23/2011,116.44,113.15,112.58,116.5665
8/24/2011,118.08,116.19,115.92,118.24
8/25/2011,116.28,118.73,115.87,119.4
8/26/2011,117.97,115.69,113.85,118.51
8/29/2011,121.36,119.56,118.0569,121.43
8/30/2011,121.68,120.83,119.26,122.43
8/31/2011,122.22,122.46,121.3,123.51
09/01/2011,120.94,122.29,120.78,123.4
09/02/2011,117.85,118.42,117.43,120.8726
09/06/2011,116.99,114.39,114.38,117.16
09/07/2011,120.29,118.76,118.36,120.34
09/08/2011,119.04,119.57,118.77,120.94
09/09/2011,115.92,117.68,115.28,119.057
09/12/2011,116.67,114.47,114.05,116.76
9/13/2011,117.74,117.05,116.22,118.18
9/14/2011,119.37,118.34,116.72,120.8
9/15/2011,121.43,120.65,119.4034,121.47
9/16/2011,121.521,121.29,120.32,121.97
9/19/2011,120.31,119.53,118.72,120.93
9/20/2011,120.17,120.82,120.01,121.99
9/21/2011,116.63,120.23,116.44,120.6
9/22/2011,112.86,113.25,111.3,114.21
9/23/2011,113.54,112.11,112.02,114.16
9/26/2011,116.24,114.61,112.98,116.4
9/27/2011,117.54,118.53,116.84,119.56
9/28/2011,115.145,117.78,114.97,118.49
9/29/2011,116.05,117.05,113.93,117.63
9/30/2011,113.15,114.45,113.07,115.45
10/03/2011,109.93,112.49,109.81,113.95
10/04/2011,112.34,108.35,107.43,112.58
10/05/2011,114.42,112.62,111.58,114.72
10/06/2011,116.49,114.36,113.51,116.66
10/07/2011,115.71,117.17,115.06,117.245
10/10/2011,119.58,117.68,117.67,119.63
10/11/2011,119.7,118.87,118.75,120.04
10/12/2011,120.75,120.6,120.33,122.14
10/13/2011,120.51,120.04,119.12,120.87
10/14/2011,122.57,121.91,121.23,122.6
10/17/2011,120.23,121.99,119.93,122.5492
10/18/2011,122.58,120.14,119.2,123.5
10/19/2011,121.13,122.38,120.71,123.08
10/20/2011,121.66,121.43,119.82,122.1
10/21/2011,123.97,123.09,122.72,124.12
10/24/2011,125.49,124.17,124.06,125.8
10/25/2011,123.049,124.89,122.78,124.95
10/26/2011,124.3,124.35,122.21,124.77
10/27/2011,128.63,127.63,124.3187,129.42
10/28/2011,128.6,128,127.8,128.85
10/31/2011,125.5,127.16,125.32,128.6239
11/01/2011,122.002,122.03,121.52,123.51
11/02/2011,123.99,123.83,122.7905,124.4
11/03/2011,126.25,125.27,123.595,126.5
11/04/2011,125.481,125.23,124.01,125.7
11/07/2011,126.26,125.39,124.2,126.39
11/08/2011,127.88,126.92,125.71,128.02
11/09/2011,123.161,124.89,122.86,125.8
11/10/2011,124.32,124.79,123.02,124.94
11/11/2011,126.66,125.83,125.79,126.99
11/14/2011,125.46,126.19,124.92,127.45
11/15/2011,126.083,125.17,124.72,126.75
11/16/2011,124.08,124.81,123.9,126.34
11/17/2011,122.105,123.85,121.23,124.16
11/18/2011,121.979,122.5,121.47,122.75
11/21/2011,119.661,120.2,118.65,120.35
11/22/2011,119.19,119.4,118.52,120.1
11/23/2011,116.56,118.07,116.56,119.19
11/25/2011,116.34,116.38,116.2,117.7
11/28/2011,119.71,119.54,118.82,120.18
11/29/2011,120.05,120.05,119.61,121
11/30/2011,124.99,123.49,123.22,125.22
12/01/2011,124.97,124.85,124.43,125.64
12/02/2011,124.86,126.12,124.78,126.5
12/05/2011,126.22,126.84,125.44,127.18
12/06/2011,126.26,126.21,125.76,127.11
12/07/2011,126.73,125.84,124.97,127.26
12/08/2011,123.95,125.9,123.65,126.18
12/09/2011,126.05,124.51,124.4,126.37
12/12/2011,124.21,124.95,123.16,124.97
12/13/2011,123.05,124.86,122.45,125.57
12/14/2011,121.74,122.56,121.47,123.03
12/15/2011,122.185,123.03,121.99,123.2
12/16/2011,121.59,122.23,121.3,122.95
12/19/2011,120.29,122.06,120.03,122.32
12/20/2011,123.93,122.18,122.17,124.14
12/21/2011,124.17,123.93,122.75,124.36
12/22/2011,125.27,124.63,124.2324,125.4
12/23/2011,126.39,125.67,125.41,126.43
12/27/2011,126.49,126.17,126.06,126.82
12/28/2011,124.83,126.51,124.73,126.53
12/29/2011,126.12,125.24,124.8566,126.25
12/30/2011,125.5,126.02,125.5,126.33
01/03/2012,127.495,127.76,127.43,128.38
01/04/2012,127.7,127.2,126.71,127.81
01/05/2012,128.04,127.01,126.43,128.23
01/06/2012,127.71,128.1999,127.29,128.22
01/09/2012,128.02,128,127.41,128.18
01/10/2012,129.13,129.39,128.95,129.65
01/11/2012,129.2,128.73,128.52,129.37
01/12/2012,129.51,129.57,128.54,129.7
1/13/2012,128.84,128.64,127.72,129.05
1/17/2012,129.34,130.08,128.8957,130.32
1/18/2012,130.77,129.31,129.08,130.84
1/19/2012,131.46,131.22,130.8,131.57
1/20/2012,131.54,131.24,130.92,131.95
1/23/2012,131.61,131.51,130.98,132.25
1/24/2012,131.46,130.8,130.6,131.5
1/25/2012,132.56,131.26,130.75,132.87
1/26/2012,131.88,133.15,131.36,133.4
1/27/2012,131.82,131.24,131.15,132.05
1/30/2012,131.37,130.51,130.06,131.44
1/31/2012,131.32,132.02,130.68,132.18
02/01/2012,132.47,132.29,132.13,133.14
02/02/2012,132.68,132.73,132.21,133.02
02/03/2012,134.54,134,133.77,134.62
02/06/2012,134.45,133.98,133.83,134.5134
02/07/2012,134.79,134.17,133.64,135.02
02/08/2012,135.19,134.86,134.31,135.22
02/09/2012,135.36,135.41,134.56,135.59
02/10/2012,134.361,134.16,133.84,134.47
2/13/2012,135.36,135.32,134.74,135.52
2/14/2012,135.19,135,134.25,135.27
2/15/2012,134.56,135.63,134.29,135.83
2/16/2012,136.049,134.57,134.33,136.17
2/17/2012,136.41,136.52,135.96,136.6275
2/21/2012,136.47,136.73,136.05,137.05
2/22/2012,136.032,136.26,135.79,136.55
2/23/2012,136.631,135.96,135.5,136.73
2/24/2012,136.93,136.93,136.63,137.2
2/27/2012,137.16,136.02,135.8,137.53
2/28/2012,137.559,137.2,136.93,137.72
2/29/2012,137.02,137.76,136.54,138.19
03/01/2012,137.73,137.31,136.9312,137.99
03/02/2012,137.312,137.64,137,137.82
03/05/2012,136.75,137.1,136.28,137.2
03/06/2012,134.75,135.35,134.36,135.43
03/07/2012,135.69,135.06,134.93,135.91
03/08/2012,137.04,136.52,136.24,137.32
03/09/2012,137.57,137.3,137.13,137.93
03/12/2012,137.58,137.55,137.09,137.76
3/13/2012,140.062,138.32,138.09,140.13
3/14/2012,139.91,140.1,139.48,140.445
3/15/2012,140.72,140.12,139.76,140.78
3/16/2012,140.3,140.36,140,140.48
3/19/2012,140.85,140.21,140.11,141.28
3/20/2012,140.44,140.05,139.64,140.61
3/21/2012,140.21,140.52,139.92,140.65
3/22/2012,139.2,139.18,138.74,139.55
3/23/2012,139.65,139.32,138.55,139.81
3/26/2012,141.61,140.65,140.6,141.61
3/27/2012,141.17,141.74,141.08,141.83
3/28/2012,140.47,141.1,139.64,141.32
3/29/2012,140.23,139.64,139.09,140.4934
3/30/2012,140.81,140.92,140.05,141.05
04/02/2012,141.84,140.64,140.36,142.21
04/03/2012,141.26,141.64,140.43,141.8826
04/04/2012,139.86,140.22,139.34,140.339
04/05/2012,139.79,139.38,139.26,140.2
04/09/2012,138.22,138.03,137.84,139.8444
04/10/2012,135.9,137.95,135.76,138.34
04/11/2012,137,137.29,136.75,137.54
04/12/2012,138.79,137.13,137.03,138.9
4/13/2012,137.14,138.47,137.01,138.8168
4/16/2012,137.05,137.84,136.58,138.04
4/17/2012,139.082,137.84,137.698,139.36
4/18/2012,138.61,138.46,138.38,139.08
4/19/2012,137.72,138.63,137.07,139.15
4/20/2012,137.95,138.33,137.87,138.83
4/23/2012,136.79,136.54,135.94,136.91
4/24/2012,137.31,136.91,136.8,137.66
4/25/2012,139.19,138.65,138.53,139.25
4/26/2012,140.16,138.89,138.81,140.32
4/27/2012,140.39,140.58,139.8,140.79
4/30/2012,139.87,140.11,139.49,140.21
05/01/2012,140.74,139.79,139.63,141.66
05/02/2012,140.325,139.92,139.46,140.46
05/03/2012,139.25,140.34,138.99,140.45
05/04/2012,137,138.515,136.92,139.3012
05/07/2012,137.1,136.51,136.46,137.56
05/08/2012,136.55,136.28,134.92,136.77
05/09/2012,135.74,135.1,134.49,136.61
05/10/2012,136.02,136.68,135.71,136.85
05/11/2012,135.61,135.17,135.11,136.87
5/14/2012,134.11,134.31,133.91,135.6144
5/15/2012,133.34,134.02,133.13,134.81
5/16/2012,132.829,133.94,132.8,134.55
5/17/2012,130.86,132.86,130.79,133.02
5/18/2012,129.74,131.37,129.55,131.6
5/21/2012,131.97,130.16,129.95,132.02
5/22/2012,132.2,132.31,131.34,133.23
5/23/2012,132.27,131.25,129.99,132.46
5/24/2012,132.53,132.63,131.42,132.84
5/25/2012,132.1,132.48,131.78,132.85
5/29/2012,133.7,133.16,131.17,133.93
5/30/2012,131.76,132.56,131.49,133.6924
5/31/2012,131.47,131.71,130.34,132.45
06/01/2012,128.16,129.41,128.16,131.5042
06/04/2012,128.1,128.39,127.135,128.74
06/05/2012,129.07,127.85,127.78,129.26
06/06/2012,131.97,129.97,129.93,132.03
06/07/2012,132.05,133.47,131.78,133.53
06/08/2012,133.1,131.71,131.29,133.125
06/11/2012,131.415,134.17,131.28,134.25
06/12/2012,132.92,131.79,131.16,133.01
6/13/2012,132.07,132.53,131.62,133.36
6/14/2012,133.47,132.34,131.98,134
6/15/2012,134.14,133.38,133.1,134.26
6/18/2012,134.4,133.58,133.28,134.73
6/19/2012,135.7,135.08,134.3714,136.25
6/20/2012,135.48,135.71,134.27,136.1
6/21/2012,132.44,135.64,132.33,135.78
6/22/2012,133.46,133.13,132.62,133.71
6/25/2012,131.32,132.05,130.85,132.1
6/26/2012,131.98,131.7,130.93,132.38
6/27/2012,133.173,132.42,131.9667,133.43
6/28/2012,132.79,132.29,131.28,132.99
6/29/2012,136.105,135.2,134.85,136.27
07/02/2012,136.51,136.48,135.52,136.65
07/03/2012,137.412,136.48,136.34,137.51
07/05/2012,136.79,136.9,136.29,137.8
07/06/2012,135.49,135.47,134.85,135.77
07/09/2012,135.32,135.38,134.7,135.57
07/10/2012,134.14,136.01,133.68,136.23
07/11/2012,134.16,134.21,133.38,134.6
07/12/2012,133.51,133.38,132.6,134.2269
7/13/2012,135.75,133.86,133.84,135.89
7/16/2012,135.43,135.44,134.9,135.83
7/17/2012,136.36,135.97,134.55,136.64
7/18/2012,137.37,136.04,135.96,137.64
7/19/2012,137.73,137.65,137.21,138.18
7/20/2012,136.47,136.95,136.32,137.16
7/23/2012,135.09,134.47,133.84,136.3852
7/24/2012,133.925,135.19,133.03,135.25
7/25/2012,133.96,134.21,133.25,134.56
7/26/2012,136.17,135.89,135.26,136.46
7/27/2012,138.675,136.89,136.1364,139.07
7/30/2012,138.68,138.52,138.27,139.339
7/31/2012,137.71,138.49,137.71,138.87
08/01/2012,137.59,138.7,137.4,138.73
08/02/2012,136.64,136.55,135.58,137.57
08/03/2012,139.349,138.56,136.6794,139.64
08/06/2012,139.62,139.72,139.56,140.17
08/07/2012,140.32,140.18,140.03,140.92
08/08/2012,140.49,139.85,139.81,140.65
08/09/2012,140.61,140.29,140.15,140.89
08/10/2012,140.84,140.04,139.81,140.89
8/13/2012,140.77,140.6,140.04,140.84
8/14/2012,140.79,141.29,140.37,141.38
8/15/2012,140.95,140.64,140.55,141.19
8/16/2012,141.99,141.15,140.8,142.16
8/17/2012,142.18,142.23,141.86,142.3
8/20/2012,142.19,141.98,141.59,142.22
8/21/2012,141.76,142.54,141.45,143.09
8/22/2012,141.82,141.4,141.07,142.05
8/23/2012,140.665,141.47,140.44,141.48
8/24/2012,141.51,140.31,140.22,141.83
8/27/2012,141.54,141.89,141.34,142.08
8/28/2012,141.4,141.18,140.97,141.84
8/29/2012,141.51,141.52,141.12,141.89
8/30/2012,140.49,140.9,140.19,140.94
8/31/2012,141.16,141.29,140.36,141.82
09/04/2012,141.03,141.04,140.13,141.46
09/05/2012,140.91,141.09,140.63,141.47
09/06/2012,143.77,141.76,141.75,143.78
09/07/2012,144.33,144.01,143.88,144.39
09/10/2012,143.51,144.19,143.46,144.44
09/11/2012,143.91,143.6,143.56,144.37
09/12/2012,144.39,144.39,143.9,144.55
9/13/2012,146.59,144.37,143.99,147.04
9/14/2012,147.24,146.88,146.76,148.11
9/17/2012,146.74,146.94,146.37,147.19
9/18/2012,146.62,146.49,146.25,146.81
9/19/2012,146.7,146.79,146.41,147.17
9/20/2012,146.71,146.03,145.63,146.79
9/21/2012,145.87,146.64,145.81,146.67
9/24/2012,145.645,145.15,145.04,145.98
9/25/2012,144.1,145.96,144.06,146.24
9/26/2012,143.295,144.065,142.95,144.11
9/27/2012,144.64,143.89,143.51,144.97
9/28/2012,143.97,144.09,143.46,144.56
10/01/2012,144.345,144.52,144.0082,145.69
10/02/2012,144.5,144.92,143.83,145.15
10/03/2012,145.09,144.89,144.13,145.43
10/04/2012,146.125,145.64,145.44,146.34
10/05/2012,146.14,146.91,145.7,147.16
10/08/2012,145.642,145.6,145.31,146.1231
10/09/2012,144.2,145.53,144.15,145.65
10/10/2012,143.28,144.18,143.09,144.32
10/11/2012,143.36,144.28,143.327,144.49
10/12/2012,142.89,143.46,142.58,143.95
10/15/2012,144.08,143.23,142.77,144.23
10/16/2012,145.54,144.76,144.66,145.64
10/17/2012,146.2,145.64,145.42,146.32
10/18/2012,145.82,145.82,145.33,146.52
10/19/2012,143.3896,145.55,143.05,145.56
10/22/2012,143.41,143.15,142.28,143.67
10/23/2012,141.42,141.86,140.83,142.06
10/24/2012,141.02,141.93,140.8,142.1
10/25/2012,141.43,142.02,140.57,142.28
10/26/2012,141.35,141.3,140.39,141.84
10/31/2012,141.35,141.85,140.68,142.03
11/01/2012,142.83,141.65,141.52,143.01
11/02/2012,141.56,143.68,141.41,143.72
11/05/2012,141.8486,141.35,140.93,142.17
11/06/2012,142.96,142.28,142.13,143.52
11/07/2012,139.72,141.66,139.06,141.68
11/08/2012,138.04,139.7,137.93,140.41
11/09/2012,138.16,137.62,137.55,139.44
11/12/2012,138.265,138.59,137.96,138.81
11/13/2012,137.79,137.54,137.36,139.25
11/14/2012,135.9299,138.21,135.62,138.43
11/15/2012,135.7,135.98,135.18,136.4901
11/16/2012,136.37,135.9,134.7,136.64
11/19/2012,139.13,137.9,136.4057,139.15
11/20/2012,139.19,138.91,138.08,139.42
11/21/2012,139.45,139.31,139.03,139.57
11/23/2012,141.35,140.13,140.04,141.4
11/26/2012,141.05,140.65,140.19,141.3563
11/27/2012,140.33,140.91,140.24,141.39
11/28/2012,141.46,139.76,139,141.54
11/29/2012,142.12,141.99,141.37,142.51
11/30/2012,142.155,142.14,141.66,142.42
12/03/2012,141.45,142.8,141.34,142.92
12/04/2012,141.25,141.44,140.87,141.87
12/05/2012,141.5,141.37,140.37,142.16
12/06/2012,141.98,141.37,141.16,142.04
12/07/2012,142.415,142.53,141.67,142.69
12/10/2012,142.473,142.21,142.15,142.81
12/11/2012,143.44,143.06,142.99,144.11
12/12/2012,143.51,144,143.31,144.55
12/13/2012,142.63,143.42,142.275,143.83
12/14/2012,142.1051,142.32,141.88,142.58
12/17/2012,143.77,142.47,142.43,143.85
12/18/2012,145.37,144,143.79,145.5
12/19/2012,144.29,145.53,144.24,145.58
12/20/2012,145.12,144.38,143.98,145.14
12/21/2012,142.79,142.17,141.94,144.0881
12/24/2012,142.35,142.48,142.19,142.56
12/26/2012,141.75,142.64,141.35,142.71
12/27/2012,141.5616,141.79,139.92,142.08
12/28/2012,140.03,140.64,139.87,141.42
12/31/2012,142.41,139.66,139.54,142.56
01/02/2013,146.06,145.11,144.73,146.15
01/03/2013,145.7341,145.99,145.34,146.37
01/04/2013,146.37,145.97,145.67,146.61
01/07/2013,145.9695,145.85,145.43,146.4442
01/08/2013,145.5496,145.71,144.98,145.91
01/09/2013,145.92,145.87,145.64,146.32
01/10/2013,147.08,146.73,145.97,147.09
01/11/2013,147.07,147.04,146.61,147.15
1/14/2013,146.97,146.89,146.43,147.07
1/15/2013,147.07,146.29,146.2,147.21
1/16/2013,147.05,146.77,146.61,147.28
1/17/2013,148,147.7,147.1446,148.42
1/18/2013,148.33,147.97,147.43,148.49
1/22/2013,149.13,148.33,147.98,149.13
1/23/2013,149.37,149.13,148.86,149.5
1/24/2013,149.41,149.15,149.01,150.14
1/25/2013,150.25,149.88,149.3726,150.25
1/28/2013,150.07,150.29,149.51,150.33
1/29/2013,150.66,149.77,149.67,150.85
1/30/2013,150.07,150.64,149.93,150.94
1/31/2013,149.7,149.89,149.6,150.38
02/01/2013,151.24,150.65,150.39,151.42
02/04/2013,149.535,150.32,149.43,151.2679
02/05/2013,151.05,150.35,150.29,151.48
02/06/2013,151.16,150.52,150.41,151.26
02/07/2013,150.96,151.205,149.86,151.35
02/08/2013,151.8,151.22,151.22,151.89
02/11/2013,151.77,151.74,151.3938,151.9
02/12/2013,152.02,151.78,151.61,152.3
2/13/2013,152.151,152.33,151.72,152.61
2/14/2013,152.29,151.69,151.52,152.47
2/15/2013,152.11,152.43,151.55,152.59
2/19/2013,153.25,152.37,152.1629,153.28
2/20/2013,151.34,153.14,151.26,153.19
2/21/2013,150.42,150.96,149.94,151.4218
2/22/2013,151.89,151.15,150.4913,151.89
2/25/2013,149,152.63,149,152.86
2/26/2013,150.02,149.72,148.73,150.2
2/27/2013,151.91,149.89,149.76,152.33
2/28/2013,151.61,151.9,151.41,152.87
03/01/2013,152.11,151.09,150.41,152.34
03/04/2013,152.92,151.76,151.52,152.92
03/05/2013,154.29,153.66,153.64,154.7
03/06/2013,154.5,154.84,154.16,154.92
03/07/2013,154.776,154.7,154.52,154.98
03/08/2013,155.44,155.46,154.66,155.65
03/11/2013,156.03,155.325,155.13,156.04
03/12/2013,155.68,155.92,155.21,156.1
3/13/2013,155.905,155.76,155.23,156.12
3/14/2013,156.73,156.31,155.9078,156.8
3/15/2013,155.83,155.85,155.31,156.04
3/18/2013,154.97,154.34,154.2,155.64
3/19/2013,154.61,155.3,153.59,155.51
3/20/2013,155.69,155.52,155.26,155.95
3/21/2013,154.359,154.76,154.1,155.6389
3/22/2013,155.6,154.85,154.73,155.6
3/25/2013,154.95,156.01,154.35,156.27
3/26/2013,156.19,155.59,155.42,156.23
3/27/2013,156.19,155.26,155,156.245
3/28/2013,156.67,156.09,155.75,156.85
04/01/2013,156.05,156.59,155.67,156.91
04/02/2013,156.82,156.61,156.37,157.21
04/03/2013,155.23,156.91,154.82,157.03
04/04/2013,155.86,155.43,155.09,156.17
04/05/2013,155.158,153.95,153.77,155.35
04/08/2013,156.21,155.27,154.75,156.22
04/09/2013,156.75,156.5,155.98,157.32
04/10/2013,158.67,157.17,157.13,158.87
04/11/2013,159.19,158.7,158.54,159.71
04/12/2013,158.8,158.68,157.92,159.04
4/15/2013,155.118,158,155.1,158.13
4/16/2013,157.41,156.29,155.91,157.49
4/17/2013,155.11,156.29,154.28,156.32
4/18/2013,154.14,155.37,153.55,155.41
4/19/2013,155.48,154.5,154.12,155.55
4/22/2013,156.17,155.78,154.75,156.54
4/23/2013,157.78,156.95,156.17,157.93
4/24/2013,157.88,157.83,157.54,158.3
4/25/2013,158.52,158.34,158.1,159.27
4/26/2013,158.24,158.33,157.73,158.6
4/29/2013,159.3,158.67,158.42,159.65
4/30/2013,159.68,159.27,158.61,159.72
05/01/2013,158.28,159.33,158.1,159.41
05/02/2013,159.75,158.68,158.53,159.89
05/03/2013,161.368,161.14,159.782,161.88
05/06/2013,161.78,161.49,161.42,162.01
05/07/2013,162.5999,162.13,161.67,162.65
05/08/2013,163.34,162.42,162.33,163.39
05/09/2013,162.881,163.27,162.47,163.7
05/10/2013,163.41,162.99,162.51,163.5498
5/13/2013,163.54,163.2,162.82,163.81
5/14/2013,165.23,163.67,163.67,165.35
5/15/2013,166.115,164.96,164.91,166.45
5/16/2013,165.34,165.78,165.09,166.36
5/17/2013,166.94,165.95,165.73,167.04
5/20/2013,166.93,166.78,166.61,167.58
5/21/2013,167.17,167.08,166.5,167.8
5/22/2013,165.93,167.34,165.17,169.07
5/23/2013,165.45,164.16,163.94,165.91
5/24/2013,165.308,164.47,163.98,165.3805
5/28/2013,166.3,167.04,165.81,167.78
5/29/2013,165.22,165.42,164.34,165.8
5/30/2013,165.83,165.35,165.22,166.59
5/31/2013,163.445,165.37,163.13,166.31
06/03/2013,164.35,163.83,162.6599,164.46
06/04/2013,163.56,164.44,162.73,165.1
06/05/2013,161.272,163.09,161.13,163.42
06/06/2013,162.73,161.2,160.25,162.74
06/07/2013,164.8,163.85,163.14,164.95
06/10/2013,164.8,165.31,164.37,165.4
06/11/2013,163.098,163.3,162.739,164.54
06/12/2013,161.75,164.22,161.6,164.39
6/13/2013,164.21,161.66,161.3,164.5
6/14/2013,163.175,164.03,162.91,164.67
6/17/2013,164.44,164.29,163.2192,165.22
6/18/2013,165.735,164.53,164.52,165.99
6/19/2013,163.45,165.6,163.38,165.89
6/20/2013,159.4,161.86,158.98,163.4668
6/21/2013,159.07,159.64,157.47,159.76
6/24/2013,157.06,157.41,155.73,158.43
6/25/2013,158.575,158.48,157.42,160.1
6/26/2013,160.14,159.87,159.25,160.5
6/27/2013,161.08,161.1,160.95,161.82
6/28/2013,160.42,160.63,159.86,161.4
07/01/2013,161.36,161.26,161.08,162.48
07/02/2013,161.21,161.12,160.5,162.3
07/03/2013,161.28,160.48,160.22,161.77
07/05/2013,163.02,162.47,161.3,163.08
07/08/2013,163.945,163.86,163.0838,164.39
07/09/2013,165.13,164.98,164.27,165.33
07/10/2013,165.192,164.97,164.63,165.75
07/11/2013,167.44,167.11,165.1774,167.61
07/12/2013,167.51,167.39,167.13,167.9332
7/15/2013,168.155,167.97,167.68,168.39
7/16/2013,167.525,168.26,167.07,168.36
7/17/2013,167.9501,168.16,167.73,168.48
7/18/2013,168.87,168.31,168.2,169.27
7/19/2013,169.17,168.52,168.31,169.23
7/22/2013,169.5,169.41,169.01,169.74
7/23/2013,169.14,169.8,169.05,169.83
7/24/2013,168.52,169.79,168.18,169.86
7/25/2013,168.93,168.22,167.94,169.08
7/26/2013,169.11,168.22,167.52,169.16
7/29/2013,168.59,168.68,168.11,169.06
7/30/2013,168.588,169.1,168.19,169.28
7/31/2013,168.71,168.94,168.49,169.85
08/01/2013,170.66,169.99,169.9,170.81
08/02/2013,170.95,170.28,170.05,170.9725
08/05/2013,170.7,170.57,170.35,170.96
08/06/2013,169.73,170.37,169.35,170.7402
08/07/2013,169.18,169.19,168.55,169.43
08/08/2013,169.8,169.98,168.93,170.18
08/09/2013,169.31,169.58,168.72,170.1
08/12/2013,169.111,168.46,168.38,169.31
8/13/2013,169.61,169.41,168.41,169.9
8/14/2013,168.74,169.53,168.7,169.8
8/15/2013,166.38,167.41,166.09,167.43
8/16/2013,165.83,166.06,165.5,166.63
8/19/2013,164.77,165.64,164.76,166.21
8/20/2013,165.58,165.04,164.86,166.2
8/21/2013,164.56,165.12,164.19,166.03
8/22/2013,166.06,164.9,164.89,166.3
8/23/2013,166.62,166.55,165.77,166.83
8/26/2013,166,166.79,165.89,167.3
8/27/2013,163.33,164.36,163.21,166.0024
8/28/2013,163.91,163.26,163.05,164.49
8/29/2013,164.17,163.55,163.4,165.04
8/30/2013,163.65,164.51,163.17,164.53
09/03/2013,164.39,165.23,163.7,165.58
09/04/2013,165.75,164.43,164.135,166.03
09/05/2013,165.96,165.85,165.73,166.4
09/06/2013,166.04,166.51,164.48,166.98
09/09/2013,167.634,166.45,166.45,167.73
09/10/2013,168.87,168.64,168.26,168.9
09/11/2013,169.4,168.64,168.35,169.4
09/12/2013,168.95,169.34,168.72,169.56
9/13/2013,169.33,169.13,168.74,169.46
9/16/2013,170.31,171.16,170.04,171.24
9/17/2013,171.07,170.46,170.46,171.11
9/18/2013,173.051,171.01,170.58,173.52
9/19/2013,172.76,173.52,172.585,173.6
9/20/2013,170.72,172.33,170.58,172.33
9/23/2013,169.93,170.49,169.39,170.65
9/24/2013,169.53,169.9,169.21,170.53
9/25/2013,169.04,169.64,168.89,169.98
9/26/2013,169.69,169.32,169.05,170.17
9/27/2013,168.909,168.84,168.47,169.14
9/30/2013,168.01,167.48,167.15,168.54
10/01/2013,169.34,168.14,167.9671,169.5
10/02/2013,169.18,168.35,167.83,169.3422
10/03/2013,167.62,168.79,166.84,168.94
10/04/2013,168.89,167.75,167.53,169.06
10/07/2013,167.43,167.42,167.25,168.45
10/08/2013,165.48,167.4,165.36,167.62
10/09/2013,165.6,165.8,164.53,166.2
10/10/2013,169.17,167.29,167.23,169.26
10/11/2013,170.26,168.91,168.77,170.32
10/14/2013,170.94,169.21,169.08,171.08
10/15/2013,169.7,170.51,169.47,171.15
10/16/2013,172.07,170.72,170.635,172.16
10/17/2013,173.22,171.37,171.34,173.32
10/18/2013,174.388,173.86,173.51,174.51
10/21/2013,174.4,174.45,174.01,174.75
10/22/2013,175.41,174.91,174.4262,175.93
10/23/2013,174.57,174.81,173.96,174.89
10/24/2013,175.15,174.92,174.51,175.37
10/25/2013,175.95,175.51,175.17,176
10/28/2013,176.23,175.89,175.7,176.47
10/29/2013,177.17,176.63,176.38,177.24
10/30/2013,176.29,177.38,175.66,177.51
10/31/2013,175.79,176.15,175.53,176.89
11/01/2013,176.21,176.02,175.22,176.61
11/04/2013,176.83,176.69,175.9825,176.9
11/05/2013,176.27,176.14,175.57,176.75
11/06/2013,177.17,177.03,176.54,177.5
11/07/2013,174.93,177.5,174.76,177.64
11/08/2013,177.29,174.87,174.85,177.31
11/11/2013,177.32,177.12,176.91,177.53
11/12/2013,176.96,176.94,176.37,177.36
11/13/2013,178.38,176.09,176.09,178.4261
11/14/2013,179.27,178.54,178.25,179.42
11/15/2013,180.05,179.56,179.33,180.12
11/18/2013,179.42,180.35,179.02,180.5
11/19/2013,179.03,179.33,178.72,179.87
11/20/2013,178.47,179.39,177.98,179.93
11/21/2013,179.91,178.97,178.86,180.05
11/22/2013,180.81,179.98,179.77,180.83
11/25/2013,180.63,181.13,180.37,181.17
11/26/2013,180.68,180.72,180.405,181.22
11/27/2013,181.12,180.87,180.65,181.24
11/29/2013,181,181.32,180.8,181.75
12/02/2013,180.53,181.09,180.25,181.43
12/03/2013,179.75,179.94,179.17,180.39
12/04/2013,179.73,179.1,178.35,180.48
12/05/2013,178.94,179.41,178.7701,179.74
12/06/2013,180.94,180.67,180.15,181.11
12/09/2013,181.4,181.47,181.16,181.67
12/10/2013,180.75,180.98,180.635,181.36
12/11/2013,178.72,180.81,178.5,180.85
12/12/2013,178.13,178.64,177.76,178.86
12/13/2013,178.11,178.5,177.77,178.66
12/16/2013,179.216,178.95,178.9,179.81
12/17/2013,178.65,179.36,178.25,179.41
12/18/2013,181.7,178.92,177.32,181.73
12/19/2013,181.49,181.19,180.71,181.7
12/20/2013,181.56,180.67,180.5683,181.99
12/23/2013,182.53,182.41,182.065,182.64
12/24/2013,182.93,182.54,182.53,183.01
12/26/2013,183.855,183.34,183.32,183.96
12/27/2013,183.845,184.1,183.66,184.18
12/30/2013,183.82,183.87,183.58,184.02
12/31/2013,184.69,184.07,183.93,184.69
01/02/2014,182.92,183.98,182.48,184.07
01/03/2014,182.885,183.21,182.63,183.6
01/06/2014,182.36,183.47,182.08,183.56
01/07/2014,183.48,183.09,182.95,183.79
01/08/2014,183.52,183.45,182.89,183.83
01/09/2014,183.64,184.1,182.795,184.13
01/10/2014,184.14,183.95,183.01,184.22
1/13/2014,181.685,183.71,181.34,184.18
1/14/2014,183.67,182.28,181.95,183.77
1/15/2014,184.66,184.1,183.7102,184.94
1/16/2014,184.42,184.28,183.83,184.6618
1/17/2014,183.635,184.1,183.32,184.45
1/21/2014,184.18,184.7,183.05,184.77
1/22/2014,184.3,184.49,183.91,184.57
1/23/2014,182.79,183.36,181.82,183.4
1/24/2014,178.89,181.6,178.83,181.66
1/27/2014,178.01,179.06,177.12,179.52
1/28/2014,179.07,178.14,178.12,179.3
1/29/2014,177.35,177.56,176.88,178.55
1/30/2014,179.23,178.86,178.26,179.81
1/31/2014,178.18,177.02,176.92,179.29
02/03/2014,174.17,177.95,173.83,178.37
02/04/2014,175.385,174.95,174.1055,175.84
02/05/2014,175.17,174.79,173.71,175.56
02/06/2014,177.48,175.58,175.2209,177.48
02/07/2014,179.68,178.31,177.73,179.87
02/10/2014,180.01,179.7,179.21,180.07
02/11/2014,181.98,180.16,180.0389,182.439
02/12/2014,182.07,182.22,181.705,182.83
2/13/2014,183.01,180.84,180.83,183.2
2/14/2014,184.02,182.84,182.67,184.36
2/18/2014,184.24,184.19,183.65,184.49
2/19/2014,183.02,183.76,182.87,184.95
2/20/2014,184.1,183.27,182.6,184.52
2/21/2014,183.89,184.49,183.8,184.89
2/24/2014,184.91,184.28,184.2,186.15
2/25/2014,184.84,185.03,184.23,185.59
2/26/2014,184.85,185.11,184.33,185.6
2/27/2014,185.82,184.59,184.37,185.87
2/28/2014,186.29,185.79,185.05,187.15
03/03/2014,184.98,184.69,183.75,185.45
03/04/2014,187.58,186.75,186.75,187.98
03/05/2014,187.75,187.72,187.45,188.07
03/06/2014,188.18,188.21,187.7796,188.61
03/07/2014,188.26,188.87,187.43,188.96
03/10/2014,188.16,187.94,187.08,188.23
03/11/2014,187.23,188.44,186.8,188.71
03/12/2014,187.28,186.32,185.9,187.35
3/13/2014,185.18,187.84,184.66,187.99
3/14/2014,184.66,184.8,184.44,185.8
3/17/2014,186.33,185.59,185.51,186.77
3/18/2014,187.66,186.71,186.51,187.91
3/19/2014,186.66,187.7,185.47,187.94
3/20/2014,187.747,186.25,185.92,187.89
3/21/2014,186.2,187.72,186.03,189.0239
3/24/2014,185.43,186.82,184.62,187.07
3/25/2014,186.31,186.37,185.27,186.94
3/26/2014,184.97,187.03,184.92,187.34
3/27/2014,184.58,184.77,183.9,185.34
3/28/2014,185.49,185.105,185,186.42
3/31/2014,187.01,186.65,185.5216,187.3
04/01/2014,188.25,187.62,187.0015,188.36
04/02/2014,188.88,188.5,188.14,189.13
04/03/2014,188.63,189.17,188.05,189.22
04/04/2014,186.4,189.64,186.1,189.7
04/07/2014,184.34,185.9,183.96,186.26
04/08/2014,185.1,184.21,183.59,185.4
04/09/2014,187.09,185.6,185.06,187.15
04/10/2014,183.155,187.09,182.93,187.17
04/11/2014,181.51,182.17,181.31,183.42
4/14/2014,182.9401,182.93,181.44,183.37
4/15/2014,184.2,183.32,181.51,184.33
4/16/2014,186.125,185.47,184.65,186.14
4/17/2014,186.39,185.88,185.56,186.91
4/21/2014,187.04,186.44,186.21,187.1
4/22/2014,187.89,187.23,187.13,188.4
4/23/2014,187.45,187.81,187.3,187.92
4/24/2014,187.83,188.37,186.93,188.39
4/25/2014,186.29,187.21,185.87,187.33
4/28/2014,186.875,187.05,184.96,187.69
4/29/2014,187.75,187.48,187.08,188.04
4/30/2014,188.31,187.44,187.18,188.5
05/01/2014,188.325,188.22,187.73,188.84
05/02/2014,188.06,188.31,187.78,189.14
05/05/2014,188.42,187.14,186.62,188.55
05/06/2014,186.78,188,186.74,188.13
05/07/2014,187.88,187.43,186.01,187.97
05/08/2014,187.675,187.67,187.08,189.05
05/09/2014,187.96,187.69,186.83,188.04
05/12/2014,189.785,188.76,188.75,189.88
5/13/2014,189.96,190.03,189.77,190.42
5/14/2014,189.06,189.79,188.79,189.88
5/15/2014,187.4,188.67,186.48,188.72
5/16/2014,188.05,187.51,186.72,188.13
5/19/2014,188.74,187.69,187.52,188.89
5/20/2014,187.55,188.645,187.07,188.67
5/21/2014,189.13,188.1,188.06,189.22
5/22/2014,189.59,189.18,188.86,189.98
5/23/2014,190.35,189.75,189.5858,190.48
5/27/2014,191.52,191.05,190.95,191.58
5/28/2014,191.38,191.52,191.06,191.82
5/29/2014,192.37,191.82,191.33,192.4
5/30/2014,192.68,192.19,192.03,192.8
06/02/2014,192.895,192.95,191.97,192.99
06/03/2014,192.8,192.4,192.25,192.9
06/04/2014,193.19,192.47,192.265,193.3
06/05/2014,194.45,193.41,192.7,194.65
06/06/2014,195.375,194.87,194.78,195.43
06/09/2014,195.58,195.35,195.17,196.05
06/10/2014,195.6,195.33,194.92,195.64
06/11/2014,194.92,194.9,194.48,195.12
06/12/2014,193.54,194.65,193.11,194.8
6/13/2014,194.13,193.9,193.3,194.32
6/16/2014,194.29,193.89,193.66,194.7
6/17/2014,194.83,194.02,193.81,194.97
6/18/2014,196.255,194.83,194.4,196.37
6/19/2014,196.48,196.43,195.8,196.6
6/20/2014,195.94,196.03,195.7,196.1039
6/23/2014,195.88,195.97,195.52,196.05
6/24/2014,194.7,195.53,194.48,196.5
6/25/2014,195.58,194.25,194.25,195.781
6/26/2014,195.44,195.61,194.13,195.63
6/27/2014,195.82,194.98,194.885,195.88
6/30/2014,195.72,195.7,195.53,196.165
07/01/2014,197.03,196.19,196.13,197.63
07/02/2014,197.23,197.05,196.96,197.48
07/03/2014,198.2,197.79,197.64,198.29
07/07/2014,197.51,197.82,197.22,197.98
07/08/2014,196.24,197.15,195.76,197.22
07/09/2014,197.12,196.73,196.31,197.295
07/10/2014,196.34,195.22,195.06,196.86
07/11/2014,196.61,196.22,195.78,196.75
7/14/2014,197.6,197.61,197.44,197.86
7/15/2014,197.23,197.72,196.36,198.1
7/16/2014,197.96,198.11,197.42,198.26
7/17/2014,195.71,197.35,195.43,198.1
7/18/2014,197.7099,196.35,196.24,197.91
7/21/2014,197.34,197.09,196.43,197.5
7/22/2014,198.2,198.01,197.87,198.56
7/23/2014,198.64,198.495,198.1,198.85
7/24/2014,198.65,198.83,198.45,199.06
7/25/2014,197.72,198.09,197.33,198.26
7/28/2014,197.8,197.76,196.62,198.09
7/29/2014,196.95,198.17,196.92,198.45
7/30/2014,196.98,197.65,196.16,197.91
7/31/2014,193.09,195.61,192.97,195.78
08/01/2014,192.5,192.56,191.57,193.76
08/04/2014,193.89,192.87,192.05,194.3
08/05/2014,192.01,193.1,191.31,193.6
08/06/2014,192.07,191.11,191.08,192.89
08/07/2014,191.03,192.935,190.55,193.13
08/08/2014,193.24,191.46,190.95,193.37
08/11/2014,193.795,193.965,193.71,194.66
08/12/2014,193.53,193.61,192.94,194.15
8/13/2014,194.84,194.29,193.96,195.06
8/14/2014,195.76,195.16,194.98,195.76
8/15/2014,195.72,196.47,194.31,196.65
8/18/2014,197.36,196.8,196.69,197.45
8/19/2014,198.39,197.84,197.4426,198.54
8/20/2014,198.92,198.12,198.08,199.16
8/21/2014,199.5,199.09,198.93,199.76
8/22/2014,199.19,199.34,198.74,199.69
8/25/2014,200.2,200.14,199.1502,200.5949
8/26/2014,200.33,200.33,200.28,200.82
8/27/2014,200.25,200.43,199.94,200.57
8/28/2014,200.14,199.59,199.39,200.27
8/29/2014,200.71,200.45,199.82,200.73
09/02/2014,200.61,200.97,199.86,200.995
09/03/2014,200.5,201.38,200.22,201.41
09/04/2014,200.2101,200.84,199.66,201.58
09/05/2014,201.11,200.17,199.41,201.19
09/08/2014,200.59,200.92,200,201.21
09/09/2014,199.32,200.41,198.91,200.55
09/10/2014,200.07,199.43,198.77,200.2
09/11/2014,200.3,199.27,199.12,200.33
09/12/2014,199.13,200.1,198.56,200.12
9/15/2014,198.981,199.16,198.38,199.32
9/16/2014,200.48,198.61,198.5,200.84
9/17/2014,200.75,200.77,199.75,201.68
9/18/2014,201.82,201.36,201.1,201.85
9/19/2014,200.7,201.52,200.29,201.899
9/22/2014,199.15,200.35,198.73,200.38
9/23/2014,198.01,198.43,197.95,199.26
9/24/2014,199.56,198.04,197.52,199.69
9/25/2014,196.34,199.04,196.27,199.05
9/26/2014,197.9,196.7,196.42,198.39
9/29/2014,197.54,196.2,196.05,197.89
9/30/2014,197.02,197.69,196.61,198.3
10/01/2014,194.35,196.7,193.91,196.77
10/02/2014,194.38,194.18,192.35,195.055
10/03/2014,196.52,195.68,195.08,196.94
10/06/2014,196.29,197.34,195.582,197.6
10/07/2014,193.26,195.28,193.22,195.72
10/08/2014,196.64,193.37,192.36,196.92
10/09/2014,192.74,196.33,192.58,196.6
10/10/2014,190.54,192.69,190.49,193.65
10/13/2014,187.4099,190.46,187.3,191.15
10/14/2014,187.7,188.42,187.04,189.82
10/15/2014,186.43,185.16,181.92,187.694
10/16/2014,186.27,183.06,182.89,187.58
10/17/2014,188.47,188.42,187.62,189.75
10/20/2014,190.3,188.13,188.07,190.45
10/21/2014,194.07,191.68,191.48,194.2
10/22/2014,192.69,194.41,192.61,194.91
10/23/2014,194.93,194.62,194.26,196.2
10/24/2014,196.43,195.25,194.49,196.49
10/27/2014,196.16,195.73,195.03,196.45
10/28/2014,198.41,196.82,196.73,198.42
10/29/2014,198.11,198.55,196.8,199.12
10/30/2014,199.38,197.58,197.4,199.95
10/31/2014,201.66,201.78,200.77,201.82
11/03/2014,201.77,201.92,201.305,202.45
11/04/2014,201.07,201.23,200.06,201.6
11/05/2014,202.34,202.54,201.45,202.59
11/06/2014,203.15,202.39,201.64,203.26
11/07/2014,203.34,203.17,202.61,203.5999
11/10/2014,203.98,203.38,203.13,204.04
11/11/2014,204.175,204.055,203.65,204.31
11/12/2014,203.96,203.35,203.31,204.24
11/13/2014,204.19,204.16,203.21,204.83
11/14/2014,204.24,204.1,203.72,204.49
11/17/2014,204.37,203.85,203.65,204.58
11/18/2014,205.55,204.44,204.44,205.92
11/19/2014,205.22,205.31,204.3,205.55
11/20/2014,205.58,204.26,204.18,205.71
11/21/2014,206.68,207.64,205.98,207.8445
11/24/2014,207.26,207.17,206.91,207.39
11/25/2014,207.11,207.54,206.8,207.79
11/26/2014,207.64,207.29,207.03,207.76
11/28/2014,207.2,207.49,206.91,207.87
12/01/2014,205.76,206.4,205.38,206.54
12/02/2014,207.085,205.81,205.782,207.34
12/03/2014,207.89,207.3,207.1,208.15
12/04/2014,207.66,207.54,206.7,208.265
12/05/2014,208,207.87,207.55,208.47
12/08/2014,206.61,207.52,205.93,208.12
12/09/2014,206.47,204.37,203.91,206.6
12/10/2014,203.1601,205.91,202.93,205.98
12/11/2014,204.19,203.88,203.71,206.19
12/12/2014,200.89,202.64,200.85,203.819
12/15/2014,199.51,201.98,198.78,202.53
12/16/2014,197.91,198.58,197.86,202.395
12/17/2014,201.79,198.44,198.29,202.34
12/18/2014,206.78,204.74,203.92,212.97
12/19/2014,206.52,206.43,205.6109,207.33
12/22/2014,207.47,206.75,206.46,207.47
12/23/2014,207.75,208.17,207.3991,208.23
12/24/2014,207.77,208.02,207.72,208.34
12/26/2014,208.44,208.31,208.25,208.85
12/29/2014,208.72,208.22,208.14,208.97
12/30/2014,207.6,208.21,207.51,208.37
12/31/2014,205.54,207.99,205.39,208.19
01/02/2015,205.43,206.38,204.18,206.88
01/05/2015,201.72,204.17,201.35,204.37
01/06/2015,199.82,202.09,198.855,202.72
01/07/2015,202.31,201.42,200.88,202.72
01/08/2015,205.9,204.01,203.99,206.16
01/09/2015,204.25,206.4,203.51,206.42
01/12/2015,202.65,204.41,201.92,204.6
1/13/2015,202.08,204.12,200.51,205.48
1/14/2015,200.86,199.65,198.57,201.1
1/15/2015,199.0199,201.63,198.88,202.01
1/16/2015,201.63,198.77,198.55,201.82
1/20/2015,202.055,202.4,200.17,202.72
1/21/2015,203.08,201.5,200.94,203.66
1/22/2015,206.1,203.99,202.33,206.26
1/23/2015,204.97,205.79,204.81,206.1
1/26/2015,205.45,204.71,203.85,205.56
1/27/2015,202.74,202.97,201.74,204.12
1/28/2015,200.14,204.17,199.91,204.29
1/29/2015,201.9902,200.38,198.68,202.3
1/30/2015,199.45,200.57,199.13,202.17
02/02/2015,201.92,200.05,197.86,202.03
02/03/2015,204.84,203,202.55,204.85
02/04/2015,204.06,203.92,203.51,205.38
02/05/2015,206.12,204.86,204.77,206.3
02/06/2015,205.55,206.56,204.92,207.24
02/09/2015,204.63,204.77,204.135,205.64
02/10/2015,206.81,205.88,204.6801,207.12
02/11/2015,206.93,206.61,205.83,207.45
02/12/2015,208.92,207.89,206.9727,208.99
2/13/2015,209.78,209.07,208.76,209.84
2/17/2015,210.11,209.4,209.1,210.32
2/18/2015,210.13,209.66,209.3401,210.22
2/19/2015,209.98,209.41,209.24,210.42
2/20/2015,211.239,209.48,208.73,211.33
2/23/2015,211.209,210.94,210.48,211.21
2/24/2015,211.81,211.12,210.76,212.05
2/25/2015,211.63,211.66,211.22,212.24
2/26/2015,211.38,211.52,210.65,211.71
2/27/2015,210.66,211.26,210.6,211.58
03/02/2015,211.99,210.78,210.72,212.06
03/03/2015,211.12,211.47,210.08,212.054
03/04/2015,210.2301,210.4,209.06,210.49
03/05/2015,210.46,210.62,209.85,210.8
03/06/2015,207.5,209.42,207.1,209.94
03/09/2015,208.36,207.74,207.5459,208.79
03/10/2015,204.98,206.71,204.93,206.81
03/11/2015,204.5,205.29,204.4,205.5
03/12/2015,207.1,205.26,205.2,207.175
3/13/2015,205.8272,206.77,204.58,207.9338
3/16/2015,208.58,206.71,205.8641,208.69
3/17/2015,207.96,207.69,206.98,208.42
3/18/2015,210.46,207.39,206.62,211.27
3/19/2015,209.5,209.96,209.03,210.4697
3/20/2015,210.41,209.71,209.4903,211.02
3/23/2015,210,210.42,210,211.11
3/24/2015,208.82,209.85,208.74,210.4
3/25/2015,205.76,209.07,205.71,209.35
3/26/2015,205.27,204.96,204.12,206.37
3/27/2015,205.74,205.13,204.9,205.95
3/30/2015,208.25,206.98,206.96,208.61
3/31/2015,206.43,207.26,206.36,208.1
04/01/2015,205.7,206.39,204.51,206.42
04/02/2015,206.435,205.62,205.4,206.98
04/06/2015,207.83,205.37,205.21,208.45
04/07/2015,207.28,207.855,207.24,208.76
04/08/2015,207.975,207.55,207.08,208.51
04/09/2015,208.9,207.78,207.19,209.18
04/10/2015,210.04,209.2,208.96,210.09
4/13/2015,209.09,209.87,209.03,210.63
4/14/2015,209.49,208.85,208.1,209.71
4/15/2015,210.43,210.05,209.95,211.04
4/16/2015,210.37,210.03,209.7928,210.98
4/17/2015,207.95,208.94,207.01,209.23
4/20/2015,209.85,209.06,208.96,210.25
4/21/2015,209.6,210.67,209.24,210.86
4/22/2015,210.63,210.01,208.9,210.85
4/23/2015,211.16,210.15,210.01,211.94
4/24/2015,211.6499,211.66,211.11,211.97
4/27/2015,210.77,212.33,210.54,212.48
4/28/2015,211.44,210.74,209.3301,211.5
4/29/2015,210.57,210.37,209.6,211.29
4/30/2015,208.46,209.88,207.62,210.35
05/01/2015,210.72,209.4,209.28,210.77
05/04/2015,211.32,211.23,211.1,212.02
05/05/2015,208.9,211.03,208.73,211.46
05/06/2015,208.04,209.56,206.76,209.93
05/07/2015,208.87,207.92,207.52,209.38
05/08/2015,211.62,210.88,210.78,211.86
05/11/2015,210.605,211.57,210.52,211.89
05/12/2015,209.98,209.61,208.62,210.63
5/13/2015,210.02,210.47,209.74,211.22
5/14/2015,212.21,211.24,210.91,212.32
5/15/2015,212.44,212.44,211.86,212.61
5/18/2015,213.1,212.24,212.16,213.4
5/19/2015,213.03,213.24,212.69,213.57
5/20/2015,212.88,213.15,212.504,213.78
5/21/2015,213.5,212.71,212.51,213.75
5/22/2015,212.99,213.04,212.91,213.54
5/26/2015,210.7,212.4,210.2,212.9089
5/27/2015,212.7,211.25,210.7612,212.98
5/28/2015,212.46,212.33,211.63,212.59
5/29/2015,211.14,212.38,210.82,212.43
06/01/2015,211.57,211.94,210.62,212.34
06/02/2015,211.36,211.02,210.27,212.19
06/03/2015,211.92,212,211.3301,212.67
06/04/2015,210.1292,211.07,209.75,211.859
06/05/2015,209.77,209.95,208.98,210.58
06/08/2015,208.48,209.64,208.39,209.82
06/09/2015,208.45,208.45,207.69,209.1
06/10/2015,210.95,209.37,209.2987,211.41
06/11/2015,211.63,211.48,211.2,212.09
06/12/2015,210.01,210.64,209.68,211.482
6/15/2015,209.11,208.64,207.79,209.45
6/16/2015,210.25,208.93,208.72,210.35
6/17/2015,210.59,210.59,209.36,211.32
6/18/2015,212.78,211.31,210.6315,213.34
6/19/2015,210.81,211.46,210.36,211.55
6/22/2015,211.89,211.905,211.64,212.59
6/23/2015,212.04,212.14,211.57,212.44
6/24/2015,210.5,211.72,210.47,212.17
6/25/2015,209.86,211.1,209.77,211.25
6/26/2015,209.82,210.29,209.16,210.58
6/29/2015,205.42,208.045,205.33,209.828
6/30/2015,205.85,207.26,205.28,207.32
07/01/2015,207.5,207.73,206.56,208.03
07/02/2015,207.31,208.07,206.81,208.27
07/06/2015,206.72,205.77,205.53,207.65
07/07/2015,208.02,206.96,204.11,208.17
07/08/2015,204.53,206.42,204.25,206.7645
07/09/2015,204.9,207.04,204.77,207.35
07/10/2015,207.48,207.29,204.9517,207.98
7/13/2015,209.77,208.99,208.94,209.9
7/14/2015,210.68,209.72,209.65,211.05
7/15/2015,210.61,210.73,210.04,211.28
7/16/2015,212.3,211.87,211.58,212.3
7/17/2015,212.48,212.29,211.8,212.55
7/20/2015,212.59,212.75,212.21,213.18
7/21/2015,211.75,212.43,211.39,212.74
7/22/2015,211.37,210.93,210.89,211.77
7/23/2015,210.18,211.53,209.75,211.65
7/24/2015,208,210.3,207.6,210.37
7/27/2015,206.79,206.94,206.26,207.55
7/28/2015,209.33,207.79,206.8,209.5
7/29/2015,210.77,209.48,209.31,211.04
7/30/2015,210.82,210.16,209.42,211.02
7/31/2015,210.5,211.42,210.16,211.45
08/03/2015,209.79,210.46,208.65,210.53
08/04/2015,209.38,209.7,208.8,210.2483
08/05/2015,210.07,210.45,209.73,211.31
08/06/2015,208.35,210.29,207.65,210.415
08/07/2015,207.95,208.16,206.87,208.34
08/10/2015,210.57,209.28,209.28,210.67
08/11/2015,208.67,208.97,207.76,209.47
08/12/2015,208.92,207.11,205.36,209.14
8/13/2015,208.66,208.73,208.01,209.55
8/14/2015,209.42,208.43,208.26,209.5087
8/17/2015,210.59,208.71,208.16,210.59
8/18/2015,209.98,210.26,209.699,210.68
8/19/2015,208.32,209.09,207.35,210.01
8/20/2015,203.97,206.51,203.9,208.2865
8/21/2015,197.83,201.73,197.52,203.9404
8/24/2015,189.5,187.49,182.4,197.4772
8/25/2015,187.27,195.43,186.92,195.45
8/26/2015,194.46,192.08,188.37,194.79
8/27/2015,199.27,197.02,195.21,199.42
8/28/2015,199.28,198.5,197.92,199.835
8/31/2015,197.67,198.11,197.01,199.125
09/01/2015,191.77,193.12,190.73,194.77
09/02/2015,195.41,194.62,192.42,195.46
09/03/2015,195.55,196.26,194.96,198.05
09/04/2015,192.59,192.85,191.61,193.86
09/08/2015,197.43,195.94,195.17,197.61
09/09/2015,194.79,199.32,194.35,199.47
09/10/2015,195.85,194.56,194.25,197.22
09/11/2015,196.74,195.375,194.53,196.82
9/14/2015,196.01,196.95,195.43,197.01
9/15/2015,198.46,196.61,195.9612,198.99
9/16/2015,200.18,198.82,198.41,200.41
9/17/2015,199.73,200.02,199.28,202.89
9/18/2015,195.45,195.71,194.96,198.6844
9/21/2015,196.46,196.44,195.21,197.68
9/22/2015,193.91,193.88,192.56,194.46
9/23/2015,193.6,194.11,192.91,194.67
9/24/2015,192.9,192.15,190.56,193.45
9/25/2015,192.85,194.64,191.81,195
9/28/2015,188.01,191.78,187.64,191.91
9/29/2015,188.12,188.27,186.93,189.74
9/30/2015,191.63,190.37,189.44,191.825
10/01/2015,192.13,192.08,189.82,192.49
10/02/2015,195,189.77,189.12,195.03
10/05/2015,198.47,196.46,196.33,198.74
10/06/2015,197.79,198.31,197,198.98
10/07/2015,199.41,198.9,197.48,199.825
10/08/2015,201.21,198.95,198.59,201.55
10/09/2015,201.33,201.38,200.58,201.9
10/12/2015,201.52,201.42,200.91,201.76
10/13/2015,200.25,200.65,200.05,202.16
10/14/2015,199.29,200.18,198.94,200.87
10/15/2015,202.35,200.08,199.64,202.36
10/16/2015,203.27,202.83,201.92,203.29
10/19/2015,203.37,202.5,202.13,203.37
10/20/2015,203.09,202.85,202.5471,203.84
10/21/2015,201.85,203.61,201.65,203.79
10/22/2015,205.26,202.98,201.85,205.51
10/23/2015,207.51,207.25,206.3,207.95
10/26/2015,207,207.3,206.56,207.37
10/27/2015,206.6,206.2,205.79,207
10/28/2015,208.95,207,206.21,208.98
10/29/2015,208.83,208.35,208.21,209.27
10/30/2015,207.93,209.06,207.74,209.44
11/02/2015,210.39,208.32,208.17,210.62
11/03/2015,211,209.97,209.7,211.66
11/04/2015,210.36,211.35,209.7201,211.5
11/05/2015,210.15,210.43,209.09,210.98
11/06/2015,210.04,209.74,208.46,210.32
11/09/2015,208.08,209.31,206.95,209.49
11/10/2015,208.56,207.51,207.19,208.6
11/11/2015,207.74,208.88,207.66,208.94
11/12/2015,204.84,206.5,204.82,207.06
11/13/2015,202.54,204.35,202.435,204.67
11/16/2015,205.62,202.32,202.18,205.69
11/17/2015,205.47,205.99,204.88,207.04
11/18/2015,208.73,206.04,205.99,208.9
11/19/2015,208.55,208.59,208.2,209.05
11/20/2015,209.3108,209.45,208.86,210.12
11/23/2015,209.07,209.38,208.52,209.98
11/24/2015,209.35,207.87,207.41,209.83
11/25/2015,209.32,209.5,209.01,209.74
11/27/2015,209.56,209.43,208.86,209.8
11/30/2015,208.69,209.75,208.56,209.89
12/01/2015,210.68,209.44,209.11,210.82
12/02/2015,208.529,210.615,208.23,211
12/03/2015,205.61,208.83,204.7511,209.15
12/04/2015,209.62,206.08,205.93,209.97
12/07/2015,208.35,209.23,207.2,209.7295
12/08/2015,206.949,206.49,205.78,208.289
12/09/2015,205.34,206.19,204.18,208.68
12/10/2015,205.87,205.42,205.14,207.43
12/11/2015,201.88,203.35,201.51,204.14
12/14/2015,202.9008,202.07,199.95,203.05
12/15/2015,205.0308,204.7,204.54,206.11
12/16/2015,208.03,206.365,204.8,208.39
12/17/2015,204.86,208.4,204.84,208.48
12/18/2015,200.0208,202.77,199.83,202.93
12/21/2015,201.67,201.41,200.09,201.88
12/22/2015,203.5,202.715,201.55,203.85
12/23/2015,206.02,204.69,204.58,206.07
12/24/2015,205.68,205.72,205.42,206.33
12/28/2015,205.21,204.86,203.94,205.26
12/29/2015,207.4,206.51,206.47,207.79
12/30/2015,205.93,207.11,205.76,207.21
12/31/2015,203.87,205.13,203.87,205.89
01/04/2016,201.0192,200.49,198.59,201.03
01/05/2016,201.36,201.4,200.05,201.9
01/06/2016,198.82,198.34,197.6,200.06
01/07/2016,194.05,195.33,193.59,197.44
01/08/2016,191.923,195.19,191.58,195.85
01/11/2016,192.11,193.01,189.82,193.41
01/12/2016,193.6608,193.82,191.14,194.55
1/13/2016,188.83,194.45,188.38,194.86
1/14/2016,191.93,189.55,187.66,193.26
1/15/2016,187.81,186.77,185.52,188.76
1/19/2016,188.06,189.96,186.2,190.11
1/20/2016,185.65,185.03,181.02,187.495
1/21/2016,186.69,186.21,184.64,188.87
1/22/2016,190.52,189.78,188.88,190.76
1/25/2016,187.64,189.92,187.41,190.15
1/26/2016,190.2,188.42,188.02,190.53
1/27/2016,188.13,189.58,187.06,191.56
1/28/2016,189.11,189.96,187.16,190.2
1/29/2016,193.7208,190.02,189.88,193.88
02/01/2016,193.65,192.53,191.84,194.58
02/02/2016,190.16,191.96,189.54,191.97
02/03/2016,191.3,191.41,187.1,191.78
02/04/2016,191.6,190.71,189.96,192.75
02/05/2016,187.95,190.99,187.2,191.6696
02/08/2016,185.42,185.77,182.8,186.12
02/09/2016,185.43,183.36,183.2,186.94
02/10/2016,185.27,186.41,185.12,188.34
02/11/2016,182.86,182.34,181.09,184.1
02/12/2016,186.63,184.96,183.96,186.65
2/16/2016,189.78,188.77,187.63,189.81
2/17/2016,192.88,191.16,191.01,193.32
2/18/2016,192.09,193.2,191.72,193.27
2/19/2016,192,191.17,190.45,192.18
2/22/2016,194.78,193.87,193.79,194.95
2/23/2016,192.32,194,192.18,194.32
2/24/2016,193.2,190.63,189.32,193.53
2/25/2016,195.54,193.73,192.83,195.55
2/26/2016,195.0892,196.57,194.9,196.68
2/29/2016,193.56,195.11,193.33,196.23
03/01/2016,198.11,195.01,194.4542,198.21
03/02/2016,199,197.74,197.25,199.06
03/03/2016,199.775,198.79,198.11,199.795
03/04/2016,200.43,200.01,199.03,201.35
03/07/2016,200.59,199.34,199.25,201.07
03/08/2016,198.4,199.32,198.21,199.92
03/09/2016,199.38,199.36,198.43,199.79
03/10/2016,199.54,199.96,197.38,201.07
03/11/2016,202.76,201.26,199.5179,202.81
3/14/2016,202.5,202.16,201.77,203.04
3/15/2016,202.17,201.36,201.05,202.5307
3/16/2016,203.34,201.6,201.55,203.82
3/17/2016,204.63,203.24,202.77,205.23
3/18/2016,204.38,204.17,203.8,204.78
3/21/2016,204.67,204.07,203.8,204.94
3/22/2016,204.56,203.76,203.57,205.23
3/23/2016,203.2092,204.11,203.01,204.33
3/24/2016,203.12,202,201.74,203.16
3/28/2016,203.24,203.61,202.705,203.86
3/29/2016,205.1208,202.76,202.4,205.25
3/30/2016,206.02,206.3,205.59,206.87
3/31/2016,205.52,205.91,205.33,206.41
04/01/2016,206.92,204.35,203.98,207.14
04/04/2016,206.25,206.83,205.89,207.07
04/05/2016,204.1892,204.67,203.89,206.2642
04/06/2016,206.42,204.29,203.98,206.49
04/07/2016,203.95,205.14,203.09,205.56
04/08/2016,204.4992,205.34,203.87,205.85
04/11/2016,204.0201,205.25,203.91,206.07
04/12/2016,205.92,204.22,203.7,206.25
4/13/2016,208.0008,207,206.84,208.1
4/14/2016,208.01,208.07,207.6,208.6
4/15/2016,207.78,208.01,207.4,208.1721
4/18/2016,209.2392,207.14,207,209.28
4/19/2016,209.9,209.74,208.94,210.2
4/20/2016,210.1,209.95,209.39,210.92
4/21/2016,208.97,210.12,208.65,210.25
4/22/2016,208.97,208.55,207.91,209.29
4/25/2016,208.61,208.26,207.54,208.66
4/26/2016,208.9192,209.04,208.36,209.52
4/27/2016,209.35,208.47,208.05,209.81
4/28/2016,207.4475,208.46,206.96,209.76
4/29/2016,206.3308,206.72,205.03,207.13
05/02/2016,207.97,206.92,206.41,208.18
05/03/2016,206.1592,206.52,205.28,206.8
05/04/2016,205.01,204.99,204.42,205.85
05/05/2016,204.97,205.56,204.47,205.98
05/06/2016,205.72,204.06,203.88,205.77
05/09/2016,205.8892,205.57,205.36,206.4
05/10/2016,208.45,206.72,206.64,208.5
05/11/2016,206.5,207.91,206.5,208.54
05/12/2016,206.56,207.29,205.37,207.4899
5/13/2016,204.76,206.21,204.38,206.86
5/16/2016,206.78,204.96,204.89,207.34
5/17/2016,204.8508,206.46,204.23,206.8
5/18/2016,204.91,204.44,203.63,206.3
5/19/2016,204.2,204.06,202.78,204.54
5/20/2016,205.49,204.92,204.86,206.1
5/23/2016,205.21,205.51,204.985,205.84
5/24/2016,207.87,206.17,206.14,208.24
5/25/2016,209.28,208.67,207.8691,209.77
5/26/2016,209.34,209.44,208.97,209.71
5/27/2016,210.24,209.53,209.47,210.25
5/31/2016,209.84,210.56,209.18,210.69
06/01/2016,210.27,209.12,208.89,210.48
06/02/2016,210.91,209.8,209.2399,210.93
06/03/2016,210.28,210.25,208.86,210.69
06/06/2016,211.35,210.7,210.51,211.77
06/07/2016,211.68,211.525,211.5,212.34
06/08/2016,212.37,211.84,211.6899,212.52
06/09/2016,212.08,211.51,211.19,212.22
06/10/2016,210.07,210.46,209.43,210.86
6/13/2016,208.4492,209.36,208.35,210.37
6/14/2016,208.04,208,206.9199,208.74
6/15/2016,207.75,208.54,207.53,209.36
6/16/2016,208.37,206.73,205.59,208.57
6/17/2016,206.52,207.17,205.75,207.2
6/20/2016,207.85,208.82,207.75,209.61
6/21/2016,208.44,208.3,207.78,208.92
6/22/2016,208.1,208.65,207.93,209.5
6/23/2016,210.81,209.81,209.27,210.87
6/24/2016,203.13,203.63,202.72,210.8463
6/27/2016,199.6,201.59,198.65,201.6
6/28/2016,203.1997,201.48,201.12,203.23
6/29/2016,206.66,204.84,204.72,206.93
6/30/2016,209.475,207.21,206.56,209.54
07/01/2016,209.9208,209.36,209.29,210.49
07/05/2016,208.41,208.95,207.71,209.08
07/06/2016,209.66,207.83,207.06,209.8
07/07/2016,209.526,209.87,208.63,210.6495
07/08/2016,212.65,211.05,210.7785,212.94
07/11/2016,213.4,213.19,212.95,214.07
07/12/2016,214.95,214.53,213.4308,215.3
7/13/2016,214.92,215.44,214.35,215.45
7/14/2016,216.12,216.4,215.66,216.67
7/15/2016,215.83,216.78,215.308,217.0125
7/18/2016,216.4092,215.97,215.67,216.6
7/19/2016,216.19,215.92,215.63,216.23
7/20/2016,217.085,216.75,216.24,217.37
7/21/2016,216.265,216.96,215.75,217.22
7/22/2016,217.24,216.41,216.1,217.3
7/25/2016,216.65,217,215.97,217.06
7/26/2016,216.75,216.53,215.76,217.17
7/27/2016,216.52,217.19,215.62,217.27
7/28/2016,216.77,216.29,215.75,217.11
7/29/2016,217.12,216.46,216.13,217.54
08/01/2016,216.94,217.19,216.405,217.65
08/02/2016,215.5492,216.65,214.57,216.83
08/03/2016,216.18,215.48,215.13,216.245
08/04/2016,216.4097,216.31,214.25,216.78
08/05/2016,218.18,217.21,217.07,218.23
08/08/2016,218.05,218.4,217.74,218.52
08/09/2016,218.18,218.13,217.8,218.76
08/10/2016,217.64,218.31,217.23,218.4038
08/11/2016,218.65,218.26,217.95,218.94
08/12/2016,218.46,218.29,217.99,218.71
8/15/2016,219.09,218.89,218.88,219.5
8/16/2016,217.96,218.6,217.96,218.68
8/17/2016,218.37,218,217.02,218.53
8/18/2016,218.86,218.34,218.21,218.9
8/19/2016,218.54,218.31,217.74,218.75
8/22/2016,218.53,218.26,217.83,218.8
8/23/2016,218.97,219.25,218.9,219.6
8/24/2016,217.85,218.8,217.36,218.91
8/25/2016,217.7,217.4,217.22,218.19
8/26/2016,217.29,217.92,216.25,219.12
8/29/2016,218.3608,217.44,217.4,218.665
8/30/2016,218,218.26,217.35,218.59
8/31/2016,217.38,217.61,216.465,217.75
09/01/2016,217.39,217.37,216.03,217.73
09/02/2016,218.37,218.39,217.7,218.87
09/06/2016,219.0308,218.7,217.86,219.12
09/07/2016,219.01,218.84,218.3,219.22
09/08/2016,218.51,218.62,218.15,218.94
09/09/2016,213.28,216.97,213.25,217.03
09/12/2016,216.34,212.39,212.31,216.81
9/13/2016,213.23,214.84,212.5,215.1499
9/14/2016,213.15,213.29,212.5,214.7
9/15/2016,215.28,212.96,212.75,215.73
9/16/2016,213.37,213.48,212.57,213.69
9/19/2016,213.41,214.13,213.03,214.88
9/20/2016,213.42,214.41,213.38,214.59
9/21/2016,215.82,214.24,213.44,216.03
9/22/2016,217.18,217,216.71,217.53
9/23/2016,215.99,216.72,215.88,216.88
9/26/2016,214.24,215.02,214.01,215.23
9/27/2016,215.57,214.05,213.62,215.68
9/28/2016,216.64,215.83,214.71,216.82
9/29/2016,214.68,216.4,214.04,216.87
9/30/2016,216.3,215.65,215.36,217.12
10/03/2016,215.78,215.82,215.04,216.04
10/04/2016,214.68,215.91,213.99,216.17
10/05/2016,215.63,215.41,215.33,216.13
10/06/2016,215.78,215.37,214.735,216.04
10/07/2016,215.04,216.1,214.19,216.3
10/10/2016,216.16,216.155,215.985,216.7
10/11/2016,213.43,215.66,212.58,215.74
10/12/2016,213.71,213.59,213.01,214.32
10/13/2016,213.01,212.16,211.21,213.59
10/14/2016,213.12,214.15,213.03,214.69
10/17/2016,212.38,213.09,212.17,213.39
10/18/2016,213.71,214.24,213.27,214.31
10/19/2016,214.28,214.02,213.6,214.64
10/20/2016,213.88,213.87,213.11,214.53
10/21/2016,213.98,212.96,212.76,214.08
10/24/2016,214.89,215,214.48,215.32
10/25/2016,214.17,214.68,213.98,214.98
10/26/2016,213.74,213.21,212.93,214.42
10/27/2016,213.17,214.58,213.08,214.62
10/28/2016,212.54,213.14,211.71,213.93
10/31/2016,212.55,212.93,212.36,213.19
11/01/2016,211.01,212.93,209.6,212.99
11/02/2016,209.74,210.65,209.23,211.1
11/03/2016,208.78,209.99,208.46,210.24
11/04/2016,208.55,208.91,208.38,209.89
11/07/2016,213.15,211.45,211.3,213.19
11/08/2016,214.11,212.69,212.38,214.77
11/09/2016,216.3792,212.37,212.34,217.1
11/10/2016,216.92,217.3,215.22,218.31
11/11/2016,216.42,216.08,215.32,216.7
11/14/2016,216.59,217.03,215.72,217.27
11/15/2016,218.28,217.04,216.8,218.28
11/16/2016,217.87,217.56,217.42,218.14
11/17/2016,218.99,218.05,217.92,219.06
11/18/2016,218.5,219.07,218.29,219.27
11/21/2016,220.15,219.17,219,220.18
11/22/2016,220.58,220.51,219.73,220.79
11/23/2016,220.7,219.98,219.75,220.76
11/25/2016,221.52,221.1,221.01,221.56
11/28/2016,220.48,221.16,220.36,221.48
11/29/2016,220.91,220.52,220.17,221.44
11/30/2016,220.38,221.63,220.31,221.82
12/01/2016,219.57,220.73,219.15,220.73
12/02/2016,219.68,219.67,219.26,220.25
12/05/2016,221,220.65,220.42,221.4
12/06/2016,221.7,221.22,220.662,221.7441
12/07/2016,224.6,221.52,221.38,224.67
12/08/2016,225.15,224.57,224.26,225.7
12/09/2016,226.51,225.41,225.37,226.53
12/12/2016,226.25,226.4,225.76,226.96
12/13/2016,227.76,227.02,227,228.34
12/14/2016,225.88,227.41,225.365,228.23
12/15/2016,226.81,226.16,225.8904,227.81
12/16/2016,225.04,226.01,224.67,226.08
12/19/2016,225.53,225.24,225.08,226.02
12/20/2016,226.4,226.16,225.88,226.57
12/21/2016,225.77,226.25,225.77,226.45
12/22/2016,225.38,225.6,224.92,225.74
12/23/2016,225.71,225.43,225.21,225.72
12/27/2016,226.27,226.02,226,226.73
12/28/2016,224.4,226.57,224.27,226.59
12/29/2016,224.35,224.48,223.84,224.89
12/30/2016,223.53,224.73,222.73,224.83
01/03/2017,225.24,225.04,223.8837,225.83
01/04/2017,226.58,225.62,225.61,226.75
01/05/2017,226.4,226.27,225.48,226.58
01/06/2017,227.21,226.53,225.9,227.75
01/09/2017,226.46,226.91,226.4163,227.0701
01/10/2017,226.46,226.48,226.01,227.45
01/11/2017,227.1,226.36,225.59,227.1
01/12/2017,226.53,226.5,224.955,226.75
1/13/2017,227.05,226.73,226.69,227.4
1/17/2017,226.25,226.31,225.8,226.78
1/18/2017,226.75,226.535,225.9,226.8
1/19/2017,225.91,226.84,225.41,227
1/20/2017,226.74,226.7,225.9719,227.31
1/23/2017,226.15,226.35,225.27,226.805
1/24/2017,227.6,226.4,226.27,228.08
1/25/2017,229.57,228.7,228.51,229.57
1/26/2017,229.33,229.4,229.01,229.71
1/27/2017,228.97,229.42,228.76,229.59
1/30/2017,227.55,228.17,226.41,228.2
1/31/2017,227.53,226.98,226.32,227.6
02/01/2017,227.62,228.255,226.94,228.59
02/02/2017,227.77,227.2,226.82,228.1
02/03/2017,229.34,228.82,228.46,229.55
02/06/2017,228.93,228.87,228.54,229.326
02/07/2017,228.94,229.38,228.72,229.6556
02/08/2017,229.24,228.61,228.31,229.39
02/09/2017,230.6,229.56,229.52,230.95
02/10/2017,231.51,231,230.6216,231.77
2/13/2017,232.77,232.08,232.05,233.07
2/14/2017,233.7,232.56,232.16,233.71
2/15/2017,234.92,233.45,233.39,235.14
2/16/2017,234.72,234.96,233.85,235.155
2/17/2017,235.09,233.95,233.93,235.09
2/21/2017,236.49,235.52,235.51,236.69
2/22/2017,236.28,236.02,235.83,236.54
2/23/2017,236.44,236.88,235.56,236.9
2/24/2017,236.74,235.46,235.41,236.7932
2/27/2017,237.11,236.64,236.35,237.31
2/28/2017,236.47,236.67,236.015,236.95
03/01/2017,239.78,238.39,238.37,240.32
03/02/2017,238.27,239.56,238.21,239.57
03/03/2017,238.42,238.17,237.73,238.61
03/06/2017,237.71,237.5,237.01,238.12
03/07/2017,237,237.36,236.76,237.77
03/08/2017,236.56,237.34,236.4,237.64
03/09/2017,236.86,236.7,235.74,237.24
03/10/2017,237.69,237.97,236.59,238.02
3/13/2017,237.81,237.62,237.24,237.86
3/14/2017,236.9,237.18,236.19,237.24
3/15/2017,238.95,237.56,237.29,239.44
3/16/2017,238.48,239.11,238.1,239.2
3/17/2017,237.03,237.75,237.03,237.97
3/20/2017,236.77,237.03,236.32,237.36
3/21/2017,233.73,237.47,233.58,237.61
3/22/2017,234.28,233.77,233.05,234.61
3/23/2017,234.03,234,233.6,235.34
3/24/2017,233.86,234.38,232.96,235.04
3/27/2017,233.62,231.93,231.61,233.92
3/28/2017,235.32,233.27,233.14,235.81
3/29/2017,235.54,234.99,234.725,235.81
3/30/2017,236.29,235.47,235.27,236.52
3/31/2017,235.74,235.9,235.68,236.51
04/03/2017,235.33,235.8,233.91,236.03
04/04/2017,235.48,235,234.555,235.58
04/05/2017,234.78,236.26,234.54,237.39
04/06/2017,235.44,234.94,234.425,236.04
04/07/2017,235.2,235.15,234.64,236
04/10/2017,235.34,235.36,234.73,236.255
04/11/2017,235.06,234.9,233.34,235.18
04/12/2017,234.03,234.74,233.77,234.96
4/13/2017,232.51,233.64,232.51,234.49
4/17/2017,234.57,233.11,232.88,234.57
4/18/2017,233.87,233.72,233.08,234.49
4/19/2017,233.44,234.52,233.18,234.95
4/20/2017,235.34,234.15,233.78,235.845
4/21/2017,234.59,235.25,234.13,235.31
4/24/2017,237.17,237.18,234.5628,237.41
4/25/2017,238.55,237.91,237.81,238.95
4/26/2017,238.4,238.51,238.35,239.53
4/27/2017,238.6,238.77,237.98,238.95
4/28/2017,238.08,238.9,237.93,238.93
05/01/2017,238.68,238.68,238.195,239.17
05/02/2017,238.77,238.84,238.3,238.98
05/03/2017,238.48,238.29,237.7,238.8775
05/04/2017,238.76,238.83,237.78,238.9225
05/05/2017,239.7,239.19,238.68,239.72
05/08/2017,239.66,239.75,239.17,239.92
05/09/2017,239.44,239.96,239.04,240.19
05/10/2017,239.87,239.39,239.15,239.87
05/11/2017,239.38,239.35,238.13,239.57
05/12/2017,238.98,239.09,238.67,239.4273
5/15/2017,240.3,239.47,239.45,240.44
5/16/2017,240.08,240.64,239.63,240.67
5/17/2017,235.82,238.1,235.75,238.64
5/18/2017,236.77,235.73,235.43,237.75
5/19/2017,238.31,237.33,237.27,239.08
5/22/2017,239.52,238.9,238.82,239.71
5/23/2017,240.05,239.95,239.51,240.24
5/24/2017,240.61,240.32,239.93,240.73
5/25/2017,241.76,241.2,240.96,242.08
5/26/2017,241.71,241.54,241.45,241.9
5/30/2017,241.5,241.34,241.16,241.79
5/31/2017,241.44,241.84,240.64,241.88
06/01/2017,243.36,241.97,241.64,243.38
06/02/2017,244.17,243.42,243.08,244.35
06/05/2017,243.99,243.97,243.76,244.3
06/06/2017,243.21,243.34,243.12,243.98
06/07/2017,243.66,243.6,242.83,243.92
06/08/2017,243.78,243.77,243.17,244.33
06/09/2017,243.41,244.09,241.95,245.01
06/12/2017,243.36,243.13,242.38,243.42
6/13/2017,244.55,243.98,243.5799,244.61
6/14/2017,244.24,244.86,243.29,244.87
6/15/2017,243.77,242.68,242.36,243.91
6/16/2017,242.64,242.77,241.6337,242.83
6/19/2017,244.66,243.59,243.48,244.73
6/20/2017,243.01,244.25,242.99,244.26
6/21/2017,242.95,243.42,242.41,243.59
6/22/2017,242.84,242.96,242.64,243.53
6/23/2017,243.13,242.91,242.47,243.51
6/26/2017,243.29,243.9,243.045,244.38
6/27/2017,241.33,243.04,241.31,243.38
6/28/2017,243.49,242.5,242.23,243.715
6/29/2017,241.35,243.66,239.955,243.72
6/30/2017,241.8,242.28,241.575,242.71
07/03/2017,242.21,242.88,242.21,243.38
07/05/2017,242.77,242.63,241.7,243.01
07/06/2017,240.55,241.89,240.34,242.03
07/07/2017,242.11,241.21,240.5645,242.28
07/10/2017,242.37,241.95,241.76,242.8
07/11/2017,242.19,242.16,240.85,242.55
07/12/2017,244.01,243.3,243.3,244.2
7/13/2017,244.42,244.02,243.76,244.55
7/14/2017,245.56,244.43,244.31,245.97
7/17/2017,245.53,245.47,245.33,245.91
7/18/2017,245.66,245.06,244.67,245.72
7/19/2017,246.99,246.02,246.01,247
7/20/2017,247.1,247.28,246.47,247.42
7/21/2017,246.88,246.44,246.18,246.91
7/24/2017,246.82,246.79,246.28,246.98
7/25/2017,247.42,247.68,247.16,247.8
7/26/2017,247.43,247.75,247.13,247.79
7/27/2017,247.2,247.96,245.68,248
7/28/2017,246.91,246.65,246.13,247.06
7/31/2017,246.77,247.37,246.53,247.48
08/01/2017,247.32,247.46,246.716,247.5
08/02/2017,247.44,247.47,246.37,247.6
08/03/2017,246.96,247.31,246.64,247.34
08/04/2017,247.41,247.52,246.97,247.79
08/07/2017,247.87,247.49,247.37,247.87
08/08/2017,247.26,247.51,246.83,248.91
08/09/2017,247.25,246.47,246.06,247.31
08/10/2017,243.76,246.29,243.7,246.44
08/11/2017,244.12,244.02,243.75,244.8
8/14/2017,246.54,245.59,245.55,246.79
8/15/2017,246.51,246.98,246.16,247
8/16/2017,246.94,247.11,246.45,247.57
8/17/2017,243.09,246.24,243.09,246.6
8/18/2017,242.71,242.9,242.2,244.189
8/21/2017,242.9,242.64,241.83,243.2
8/22/2017,245.44,243.57,243.55,245.62
8/23/2017,244.56,244.33,244.16,245.05
8/24/2017,243.99,245,243.75,245.18
8/25/2017,244.56,244.9,244.39,245.61
8/28/2017,244.57,245.17,244.09,245.2
8/29/2017,244.85,243.06,242.93,245.15
8/30/2017,246.01,244.83,244.62,246.32
8/31/2017,247.49,246.72,246.0473,247.77
09/01/2017,247.84,247.92,247.67,248.33
09/05/2017,246.06,247.26,244.95,247.52
09/06/2017,246.9,246.84,246.23,247.28
09/07/2017,246.87,247.25,246.4,247.27
09/08/2017,246.58,246.54,246.3,247.11
09/11/2017,249.21,248.04,248.02,249.3
09/12/2017,250.05,249.63,249.42,250.09
9/13/2017,250.17,249.72,249.59,250.21
9/14/2017,250.09,249.8,249.6,250.32
9/15/2017,249.19,248.69,248.57,249.29
9/18/2017,249.72,249.61,249.28,250.12
9/19/2017,249.97,250,249.6,250.07
9/20/2017,250.06,250.07,248.92,250.19
9/21/2017,249.39,249.88,249.185,249.98
9/22/2017,249.44,249.05,249.02,249.63
9/25/2017,248.93,249.15,248.08,249.5532
9/26/2017,249.08,249.42,248.805,249.7
9/27/2017,250.05,249.88,248.87,250.49
9/28/2017,250.35,249.73,249.63,250.44
9/29/2017,251.23,250.34,250.13,251.32
10/02/2017,252.32,251.49,251.2926,252.32
10/03/2017,252.86,252.46,252.23,252.89
10/04/2017,253.16,252.69,252.56,253.44
10/05/2017,254.66,253.54,253.196,254.68
10/06/2017,254.37,254.15,253.85,254.7008
10/09/2017,253.95,254.63,253.65,254.7
10/10/2017,254.62,254.6,253.98,255.05
10/11/2017,255.02,254.51,254.32,255.02
10/12/2017,254.64,254.66,254.365,255.06
10/13/2017,254.95,255.14,254.64,255.27
10/16/2017,255.29,255.21,254.82,255.51
10/17/2017,255.47,255.23,254.98,255.52
10/18/2017,255.72,255.9,255.5,255.95
10/19/2017,255.79,254.83,254.35,255.83
10/20/2017,257.11,256.7,255.7744,257.14
10/23/2017,256.11,257.48,256.02,257.51
10/24/2017,256.56,256.6,256.15,256.83
10/25/2017,255.29,256.18,254,256.31
10/26/2017,255.62,255.99,255.48,256.3
10/27/2017,257.71,256.47,255.6254,257.89
10/30/2017,256.75,257.07,256.41,257.6
10/31/2017,257.15,257.18,256.805,257.44
11/01/2017,257.49,258.04,257.07,258.43
11/02/2017,257.59,257.41,256.19,257.75
11/03/2017,258.45,257.77,257.3,258.5
11/06/2017,258.85,258.3,258.22,259
11/07/2017,258.67,258.97,258.09,259.35
11/08/2017,259.11,258.47,258.15,259.22
11/09/2017,258.17,257.73,256.36,258.39
11/10/2017,258.09,257.73,257.37,258.2926
11/13/2017,258.33,257.31,257.27,258.59
11/14/2017,257.73,257.41,256.52,257.85
11/15/2017,256.44,256.62,255.63,257.22
11/16/2017,258.62,257.52,257.4748,259.04
11/17/2017,257.86,258.22,257.77,258.5882
11/20/2017,258.3,258.14,257.86,258.525
11/21/2017,259.99,259.18,258.2627,260.2
11/22/2017,259.76,260,259.57,260.15
11/24/2017,260.36,260.32,260.16,260.48
11/27/2017,260.23,260.41,260,260.75
11/28/2017,262.87,260.76,260.655,262.9
11/29/2017,262.71,263.02,262.2,263.63
11/30/2017,265.01,263.76,263.67,266.05
12/01/2017,264.46,264.76,260.76,265.31
12/04/2017,264.14,266.31,264.08,266.8
12/05/2017,263.19,264.43,263.04,265.15
12/06/2017,263.24,262.87,262.71,263.73
12/07/2017,264.07,263.09,262.94,264.43
12/08/2017,265.51,264.99,264.0315,265.52
12/11/2017,266.31,265.58,265.4793,266.38
12/12/2017,266.78,266.57,266.345,267.32
12/13/2017,266.75,267.06,266.65,267.56
12/14/2017,265.66,267.09,265.6,267.22
12/15/2017,266.51,265.45,265.39,267.04
12/18/2017,268.2,268.1,267.98,268.6
12/19/2017,267.17,268.48,267.09,268.53
12/20/2017,267.03,268.27,266.69,268.33
12/21/2017,267.58,267.74,267.3,268.385
12/22/2017,267.51,267.6,266.9,267.635
12/26/2017,267.19,267.05,266.885,267.4377
12/27/2017,267.32,267.38,267.01,267.73
12/28/2017,267.87,267.89,267.45,267.92
12/29/2017,266.86,268.53,266.64,268.55
01/02/2018,268.77,267.84,267.4,268.81
01/03/2018,270.47,268.96,268.96,270.64
01/04/2018,271.61,271.2,270.5447,272.16
01/05/2018,273.42,272.51,271.95,273.56
01/08/2018,273.92,273.31,272.98,274.1
01/09/2018,274.54,274.4,274.081,275.25
01/10/2018,274.12,273.68,272.92,274.42
01/11/2018,276.12,274.75,274.56,276.12
01/12/2018,277.92,276.42,276.0819,278.11
1/16/2018,276.97,279.35,276.18,280.09
1/17/2018,279.61,278.03,276.97,280.05
1/18/2018,279.14,279.48,278.58,279.96
1/19/2018,280.41,279.8,279.14,280.41
1/22/2018,282.69,280.17,280.11,282.69
1/23/2018,283.29,282.74,282.37,283.62
1/24/2018,283.18,284.02,281.84,284.7
1/25/2018,283.3,284.16,282.405,284.27
1/26/2018,286.58,284.25,283.96,286.6285
1/29/2018,284.68,285.93,284.5,286.43
1/30/2018,281.76,282.6,281.22,284.736
1/31/2018,281.9,282.73,280.68,283.3
02/01/2018,281.58,281.07,280.68,283.06
02/02/2018,275.45,280.08,275.41,280.23
02/05/2018,263.93,273.45,263.31,275.85
02/06/2018,269.13,259.94,258.7,269.7
02/07/2018,267.67,268.5,267.58,272.36
02/08/2018,257.63,268.01,257.59,268.17
02/09/2018,261.5,260.8,252.92,263.61
02/12/2018,265.34,263.83,261.6644,267.01
2/13/2018,266,263.97,263.31,266.62
2/14/2018,269.59,264.31,264.3,270
2/15/2018,273.03,271.57,268.77,273.04
2/16/2018,273.11,272.32,272.27,275.32
2/20/2018,271.4,272.03,270.5,273.67
2/21/2018,270.05,271.9,269.94,274.72
2/22/2018,270.4,271.1,269.64,273.05
2/23/2018,274.71,271.79,271.25,274.71
2/26/2018,277.9,275.93,275.26,278.01
2/27/2018,274.43,278.11,274.36,278.92
2/28/2018,271.65,275.68,271.29,276.19
03/01/2018,267.7,271.41,266,273.17
03/02/2018,269.08,265.8,264.82,269.72
03/05/2018,272.19,267.73,267.61,272.89
03/06/2018,272.88,273.3,271.18,273.39
03/07/2018,272.78,270.42,270.2,273.18
03/08/2018,274.1,273.55,272.42,274.24
03/09/2018,278.87,275.7,275.34,278.87
03/12/2018,278.52,279.2,278.0801,279.91
3/13/2018,276.72,279.84,276.03,280.41
3/14/2018,275.3,277.81,274.67,278.02
3/15/2018,275,275.88,274.43,276.61
3/16/2018,274.2,274.5,274.14,275.39
3/19/2018,270.49,273.35,268.62,274.3957
3/20/2018,270.95,270.94,270.18,271.67
3/21/2018,270.43,270.9,270.19,273.27
3/22/2018,263.67,267.91,263.36,268.87
3/23/2018,258.05,264.17,257.83,265.02
3/26/2018,265.11,262.13,259.41,265.43
3/27/2018,260.6,266.17,258.84,266.77
3/28/2018,259.83,260.75,258.58,262.64
3/29/2018,263.15,261.12,259.8389,265.26
04/02/2018,257.47,262.55,254.67,263.13
04/03/2018,260.77,258.87,256.84,261.31
04/04/2018,263.56,256.75,256.6,264.355
04/05/2018,265.64,265.55,264.32,266.64
04/06/2018,259.72,263.42,258,265.11
04/09/2018,261,261.37,259.9356,264.84
04/10/2018,265.15,264.27,262.98,266.04
04/11/2018,263.76,263.47,263.39,265.64
04/12/2018,265.93,265.26,265.06,267
4/13/2018,265.15,267.41,264.01,267.54
4/16/2018,267.33,267,266.07,268.2
4/17/2018,270.19,269.33,268.75,270.87
4/18/2018,270.39,270.69,269.87,271.3
4/19/2018,268.89,269.65,267.72,269.88
4/20/2018,266.61,268.81,265.61,269.06
4/23/2018,266.57,267.26,265.35,267.89
4/24/2018,262.98,267.73,261.28,267.9762
4/25/2018,263.63,262.91,260.85,264.13
4/26/2018,266.31,264.79,264.29,267.2452
4/27/2018,266.56,267,265.5,267.34
4/30/2018,264.51,267.26,264.43,267.89
05/01/2018,264.98,263.87,262.11,265.1
05/02/2018,263.2,264.76,262.76,265.68
05/03/2018,262.62,262.26,259.05,263.36
05/04/2018,266.02,261.52,261.15,266.7892
05/07/2018,266.92,266.89,266.11,268.02
05/08/2018,266.92,266.5,265.15,267.325
05/09/2018,269.5,267.68,267.09,269.865
05/10/2018,272.02,270.34,270.22,272.39
05/11/2018,272.85,272.16,271.58,273.15
5/14/2018,272.98,273.34,272.36,274.08
5/15/2018,271.1,271.59,270.03,271.61
5/16/2018,272.24,271.14,271.11,272.76
5/17/2018,272.01,271.94,271.13,273.23
5/18/2018,271.33,271.62,270.93,272.03
5/21/2018,273.37,273.01,271.3512,273.98
5/22/2018,272.61,273.96,272.24,274.25
5/23/2018,273.36,271.17,270.99,273.39
5/24/2018,272.8,272.91,270.78,273.22
5/25/2018,272.15,272.15,271.58,272.86
5/29/2018,269.02,270.31,267.76,271.17
5/30/2018,272.61,270.5,270.42,273.11
5/31/2018,270.94,272.15,270.255,272.49
06/01/2018,273.6,272.41,272.33,273.94
06/04/2018,274.9,274.53,274.26,275.185
06/05/2018,275.1,275.05,274.18,275.53
06/06/2018,277.4,275.79,275.09,277.52
06/07/2018,277.37,277.95,276.34,278.28
06/08/2018,278.19,276.85,276.66,278.25
06/11/2018,278.56,278.44,278.31,279.37
06/12/2018,278.92,279.03,278.19,279.33
6/13/2018,278.03,279.19,277.8,279.48
6/14/2018,278.73,279.01,278.0599,279.33
6/15/2018,277.13,276.6,275.35,277.51
6/18/2018,276.56,275.49,274.95,276.7
6/19/2018,275.5,274,273.53,275.75
6/20/2018,275.97,276.27,275.59,276.72
6/21/2018,274.24,275.96,273.68,275.98
6/22/2018,274.74,275.66,274.49,275.785
6/25/2018,271,273.44,269.1,273.6162
6/26/2018,271.6,271.64,270.79,272.56
6/27/2018,269.35,272.26,269.18,273.865
6/28/2018,270.89,269.29,268.49,271.75
6/29/2018,271.28,272.12,271.1495,273.66
07/02/2018,271.86,269.51,269.24,272.04
07/03/2018,270.9,272.87,270.42,272.98
07/05/2018,273.11,272.17,270.96,273.18
07/06/2018,275.42,273.14,272.715,275.84
07/09/2018,277.9,276.55,276.5,277.96
07/10/2018,278.9,278.41,278.08,279.01
07/11/2018,276.86,277.15,276.52,278.04
07/12/2018,279.37,278.28,277.6,279.43
7/13/2018,279.59,279.17,278.66,279.93
7/16/2018,279.34,279.64,278.84,279.803
7/17/2018,280.47,278.47,278.41,280.91
7/18/2018,281.06,280.56,280.06,281.18
7/19/2018,280,280.31,279.46,280.74
7/20/2018,279.68,279.77,279.5,280.48
7/23/2018,280.2,279.45,279.06,280.43
7/24/2018,281.61,281.79,280.63,282.56
7/25/2018,284.01,281.33,281.28,284.37
7/26/2018,283.34,283.2,283.09,284.11
7/27/2018,281.42,283.71,280.38,283.82
7/30/2018,279.95,281.51,279.36,281.69
7/31/2018,281.33,280.81,280.38,282.02
08/01/2018,280.86,281.56,280.1315,282.13
08/02/2018,282.39,279.39,279.16,282.58
08/03/2018,283.6,282.53,282.33,283.6577
08/06/2018,284.64,283.64,283.2015,284.99
08/07/2018,285.58,285.39,285.24,286.01
08/08/2018,285.46,285.39,284.94,285.91
08/09/2018,285.07,285.53,284.915,285.97
08/10/2018,283.16,283.45,282.36,284.055
8/13/2018,282.1,283.47,281.77,284.16
8/14/2018,283.9,282.92,282.4833,284.17
8/15/2018,281.78,282.38,280.16,282.54
8/16/2018,284.06,283.4,283.36,285.04
8/17/2018,285.06,283.83,283.37,285.5601
8/20/2018,285.67,285.57,285.06,285.97
8/21/2018,286.34,286.25,285.7135,287.31
8/22/2018,286.17,285.88,285.575,286.76
8/23/2018,285.79,285.97,285.43,286.94
8/24/2018,287.51,286.44,286.38,287.67
8/27/2018,289.78,288.86,288.68,289.9
8/28/2018,289.92,290.3,289.4,290.4175
8/29/2018,291.48,290.16,289.8854,291.74
8/30/2018,290.3,290.94,289.63,291.36
8/31/2018,290.31,289.84,289.29,290.81
09/04/2018,289.81,289.84,288.68,290.21
09/05/2018,289.03,289.41,287.89,289.64
09/06/2018,288.16,289.15,287,289.49
09/07/2018,287.6,286.98,286.71,288.7
09/10/2018,288.1,288.74,287.88,289.04
09/11/2018,289.05,287.37,286.975,289.55
09/12/2018,289.12,289.06,288.23,289.8
9/13/2018,290.83,290.32,289.995,291.0384
9/14/2018,290.88,291.06,290,291.27
9/17/2018,289.34,290.82,289.03,290.86
9/18/2018,290.91,289.58,289.55,291.58
9/19/2018,291.22,290.97,290.825,291.69
9/20/2018,293.58,292.64,291.2363,293.94
9/21/2018,291.99,293.09,291.81,293.22
9/24/2018,291.02,291.34,290.37,291.5
9/25/2018,290.75,291.53,290.4833,291.65
9/26/2018,289.88,290.91,289.41,292.24
9/27/2018,290.69,290.41,290.1,291.91
9/28/2018,290.72,289.99,289.95,291.28
10/01/2018,291.73,292.11,290.98,292.93
10/02/2018,291.56,291.56,291.14,292.355
10/03/2018,291.72,292.74,291.32,293.21
10/04/2018,289.44,291.18,287.66,291.24
10/05/2018,287.82,289.69,286.22,290.27
10/08/2018,287.82,287.05,285.5,288.22
10/09/2018,287.4,287.39,286.77,288.86
10/10/2018,278.3,286.83,277.88,286.91
10/11/2018,272.17,277.08,270.36,278.9
10/12/2018,275.95,276.77,272.37,277.09
10/15/2018,274.4,275.55,274.3,277.04
10/16/2018,280.4,276.6,276.07,280.82
10/17/2018,280.45,280.44,277.56,281.15
10/18/2018,276.4,279.4,274.97,280.07
10/19/2018,276.25,277.13,275.47,279.3
10/22/2018,275.01,277,274.41,277.36
10/23/2018,273.61,270.95,268.61,274.87
10/24/2018,265.32,273.33,264.7,273.76
10/25/2018,270.08,267.38,266.23,271.81
10/26/2018,265.33,265.92,262.29,271
10/29/2018,263.86,268.8,259.85,270.25
10/30/2018,267.77,263.67,263.12,268.12
10/31/2018,270.63,270.65,270.12,273.23
11/01/2018,273.51,271.6,270.38,273.73
11/02/2018,271.89,274.75,269.59,275.23
11/05/2018,273.39,272.44,271.35,274.01
11/06/2018,275.12,273.32,273.25,275.3
11/07/2018,281.01,277.56,277.08,281.1
11/08/2018,280.5,280.11,279.22,281.22
11/09/2018,277.76,279.03,276.18,279.24
11/12/2018,272.57,277.19,271.99,277.46
11/13/2018,272.06,273.09,271.25,275.325
11/14/2018,270.2,274.16,268.45,274.61
11/15/2018,273.02,268.78,267.0102,273.54
11/16/2018,273.73,271.79,271.21,274.75
11/19/2018,269.1,273.05,268.07,273.38
11/20/2018,264.12,265.36,263.15,267
11/21/2018,265.02,265.86,265.01,267.15
11/23/2018,263.25,263.18,263.07,264.8234
11/26/2018,267.5,265.78,265.34,267.75
11/27/2018,268.4,266.34,265.66,268.4
11/28/2018,274.58,269.6,268.3272,274.58
11/29/2018,273.98,273.71,272.43,275.55
11/30/2018,275.65,273.81,273.45,276.28
12/03/2018,279.3,280.28,277.505,280.4
12/04/2018,270.25,278.37,269.9,278.85
12/06/2018,269.84,265.92,262.44,269.97
12/07/2018,263.57,269.46,262.63,271.22
12/10/2018,264.07,263.37,258.62,265.1613
12/11/2018,264.13,267.66,262.48,267.87
12/12/2018,265.46,267.47,265.37,269
12/13/2018,265.37,266.52,264.12,267.49
12/14/2018,260.47,262.96,259.85,264.03
12/17/2018,255.36,259.4,253.525,260.65
12/18/2018,255.08,257.2,253.28,257.95
12/19/2018,251.26,255.17,249.35,259.4
12/20/2018,247.17,249.86,244.65,251.62
12/21/2018,240.7,246.74,239.98,249.71
12/24/2018,234.34,239.04,234.27,240.8355
12/26/2018,246.18,235.97,233.76,246.18
12/27/2018,248.07,242.57,238.96,248.29
12/28/2018,247.75,249.58,246.45,251.4
12/31/2018,249.92,249.56,247.47,250.19